province,topic,date,content,label,score,is_match
宁夏回族自治区,宁夏党政代表团在浙江学习考察瞻仰南湖红船弘扬红船精神坚守初心使命走好新的长征路建设美丽新宁夏易炼红梁言顺张雨浦参加,2023-03-29,宁夏党政代表团在浙江学习考察<br>瞻仰南湖红船 弘扬红船精神坚守初心使命<br>走好新的长征路建设美丽新宁夏<br>易炼红梁言顺张雨浦参加- 宁夏。宁夏党政代表团在浙江学习考察 瞻仰南湖红船 弘扬红船精神坚守初心使命 走好新的长征路建设美丽新宁夏 易炼红梁言顺张雨浦参加。3月28日，宁夏党政代表团在浙江省学习考察，深入学习贯彻党的二十大精神和习近平新时代中国特色社会主义思想，大力弘扬红船精神，感悟初心使命，坚定理想信念，学习浙江践行习近平生态文明思想、建设共同富裕示范区的经验做法，汲取前行动力，走好新的长征路，全面建设社会主义现代化美丽新宁夏。浙江省委书记、省人大常委会主任易炼红，自治区党委书记、人大常委会主任梁言顺，自治区党委副书记、自治区主席张雨浦参加。。小小红船承载千钧，秀水泱泱精神永恒。1921年8月初，中国共产党第一次全国代表大会在嘉兴南湖的一条游船上闭幕，开启了中国共产党的伟大远航。宁夏党政代表团到浙江后，第一站就来到党的诞生地——嘉兴南湖红船，怀着无比崇敬的心情重温党的光辉历史。在南湖湖心岛，代表团成员深情凝视、驻足瞻仰红船，聆听党的一大召开情况和红船精神讲解，并参观南湖革命纪念馆。大家表示，红船精神是伟大建党精神的集中体现，是宝贵的精神财富，感召着一代又一代共产党人不忘初心、牢记使命、矢志奋斗。要大力传承和弘扬红船精神，坚持不懈用习近平新时代中国特色社会主义思想凝心铸魂，让红色基因代代相传、生生不息，走好新的长征路，团结奋斗建设社会主义现代化美丽新宁夏。。3月的安吉余村，茶园吐翠、游人如织，绵绵青山与勃勃生机同框入画、相映成趣。在习近平总书记“绿水青山就是金山银山”理念指引下，余村大力修复生态环境，发展休闲旅游，实现了从“矿山经济”向“美丽经济”的转变。代表团沿村道考察未来乡村展示馆、文化礼堂、春林山庄等，探寻余村由“卖石头”到“卖风景”“卖文化”的转型历程，现场体悟习近平生态文明思想的实践伟力。大家认为，余村的绿色嬗变生动阐释了“生态本身就是一种经济，保护生态，生态也会回馈你”，宁夏生态环境有其脆弱的一面，更要学习先进、开拓思路、创新实践，大力实施生态优先战略，在保护的前提下开发好、运用好生态资源，把绿水青山源源不断地转化为金山银山。。总面积11.5平方公里的西溪国家湿地公园，是目前国内首个集城市湿地、农耕湿地、文化湿地于一体的国家湿地公园。沿着总书记考察过的路线，代表团走进人与自然和谐共生的生态画卷，由衷为自然山水与人文气息的完美相融点赞，表示要认真学习借鉴西溪湿地的做法，扎实推进“一河三山”保护治理，为群众创造更多绿色空间。。浙江省委常委、秘书长陈亦君，浙江省副省长王文序，自治区领导雷东生、陈春平、买彦州、赵旭辉、白尚成、刘军参加。（记者 马晓芳 姜璐）,政府领导到其他城市考察学习或访问,0.0,True
宁夏回族自治区,宁夏党政代表团在深圳学习考察实地探寻鹏城腾飞奇迹的密码进一步解放思想加快建设美丽新宁夏梁言顺张雨浦王荣参加,2022-07-10,宁夏党政代表团在深圳学习考察<br>实地探寻鹏城腾飞奇迹的“密码”<br>进一步解放思想加快建设美丽新宁夏<br>梁言顺张雨浦王荣参加- 宁夏。宁夏党政代表团在深圳学习考察 实地探寻鹏城腾飞奇迹的“密码” 进一步解放思想加快建设美丽新宁夏 梁言顺张雨浦王荣参加。7月8日至9日，自治区党委书记、人大常委会主任梁言顺，自治区党委副书记、自治区主席张雨浦带领宁夏党政代表团在深圳市学习考察，深刻感悟习近平总书记引领鹏城腾飞发展的伟大奇迹，实地感受改革开放的热土、创新发展的热潮，进一步解放思想、开阔眼界，激发加快建设美丽新宁夏、奋进现代化新征程的活力动力。广东省政协主席王荣陪同考察。。党的十八大以来，习近平总书记三次亲临深圳前海视察，亲自谋划、亲自部署、亲自推动前海开发开放，使前海成为“梦实现的地方”“最浓缩最精华的核心引擎”。党政代表团第一站来到“特中之特”的前海深港现代服务业合作区，“依托香港、服务内地、面向世界”12个大字跃然眼前，前海气魄扑面而来。在前海展示厅、前海国际会议中心、前海石公园等地，梁言顺、张雨浦和代表团成员沿着总书记的足迹，感悟伟大思想激起的腾飞奇迹，感触前海发展日新月异的强劲脉搏。梁言顺说，前海奇迹充分彰显了习近平新时代中国特色社会主义思想的强大思想伟力和实践伟力，从当年的一片滩涂到今天生机勃勃的开放前沿，真正是一张白纸、从零开始，精耕细作、精雕细琢，画出了最美最好的图画，非常了不起。。科技创新是这次学习考察的“重头戏”。不论是靠自立自强成为民族骄傲的华为、引领全球无人机市场的大疆，还是国内最大的医疗器械商迈瑞、新能源汽车领跑者比亚迪，都以科技创新为引擎，走在技术前沿、行业前列。走进这些“智造”企业，随处可见的创新因子、科技元素，让代表团成员倍感震撼、倍受启发，切身感受到了科技创新的魅力和第一动力的作用。大家纷纷表示，要激扬创新之志、提升创新之能，加快推动以科技创新为核心的全面创新，力争使宁夏更多领域、更多产业在全国乃至全球由跟跑向并跑、领跑转变。。宁夏与深圳相隔千里，却有着不解的情缘。华润集团情系宁夏贫困群众，多年来定点帮扶海原县，在助力脱贫攻坚上出实招、用实功、求实效，让移民群众真真切切得到了实惠。海吉星国际农产品物流园，一头连着塞上江南的田间地头，一头连着南海之滨居民的餐桌，每天来自宁夏的菜心、芥兰、硒砂瓜等600吨，其中60%保供香港，是名副其实的粤港澳大湾区“菜篮子”。从华润到海吉星，天涯比邻、身远心近的兄弟情谊温暖着代表团，梁言顺详细询问企业与宁夏合作发展情况，看到长期以来携手协作取得的丰硕成果，得知宁夏农产品在这里大受欢迎、广受追捧，由衷高兴、真心点赞。。代表团一路走、一路看，思想在激荡、观念在碰撞，每个人都收获满满。大家感到，深圳从试验田到示范区、从杀出一条血路到闯出一条新路，有太多值得学习借鉴的好思路、好经验，要结合宁夏实际认真研究思考、消化吸收，进一步解放思想、开动脑筋，进一步加快创新、加强合作，以创新的思路和举措加快黄河流域生态保护和高质量发展先行区建设。。广东省委副书记、深圳市委书记孟凡利，广东省委常委、统战部部长王瑞军，深圳市委副书记、市长覃伟中，深圳市人大常委会主任骆文智，自治区领导雷东生、买彦州、赵旭辉、赵永清、刘可为、吴秀章、王道席参加。（记者 马晓芳 姜璐）,政府领导到其他城市考察学习或访问,0.0,True
宁夏回族自治区,宁夏经贸合作考察团在山东考察洽谈对接项目,2018-10-24,10月22日至23日，宁夏回族自治区党委副书记、自治区主席咸辉带领自治区经贸合作考察团，首站来到山东省学习考察践行新发展理念、推动高质量发展的先进经验，参观考察部分重点企业和工业园区，洽谈签约招商引资项目，共话宁鲁友谊，共商经贸合作，共谋发展机遇。22日下午，山东省委书记、省人大常委会主任刘家义，山东省委副书记、省长龚正会见咸辉一行。。刘家义、龚正对宁夏经贸合作考察团一行到山东考察表示欢迎。刘家义说，近年来宁夏深入贯彻落实习近平新时代中国特色社会主义思想，推动经济社会发展取得新成就。山东与宁夏虽然远隔千山万水，但交流合作十分密切，希望两省区相互学习借鉴，不断深化交流合作，加强优势互补互融，携手共创合作共赢的美好未来。。咸辉首先转达自治区党委书记、人大常委会主任石泰峰的问候，并感谢山东省长期以来对宁夏经济社会发展的大力支持，表示要深入学习借鉴山东创新发展、持续发展、领先发展的好经验、好做法。咸辉说，两省区虽相隔千里，但情谊深厚，希望进一步加强经贸、旅游、开放等领域合作，建立更紧密的交流合作机制，实现更广领域、更深层次、更高水平的互利共赢。。在山东期间，考察团一路走、一路看、一路学习，深度对标、看齐先进、寻找差距，山东省产业发展的良好态势、创新驱动的勃勃生机给考察团留下了深刻印象。在烟台市考察泰和新材、万华实业、张裕集团时，咸辉说，创新是企业的灵魂，要借鉴创新引领发展的先进经验，推动宁夏经济转型升级、提质增效。在济南市考察团参观了浪潮集团、水发集团，在浪潮高端服务器智能生产基地，咸辉说，要加强与行业领先企业的交流对接，深化在“互联网+”、云计算、智慧城市建设等方面的合作，着力在提升发展水平上下功夫。每到一处，考察团成员都认真思考、深入交流、积极推介，寻求深度合作的新机遇。。在23日上午举行的宁夏-山东经贸合作暨企业家交流座谈会上，来自山东重工、山东能源、润丰集团、山东航空等200余家企业负责人应邀参会，考察团与企业家代表深入互动交流，详细推介宁夏在基础设施、产业发展、营商环境等方面的优势，诚挚邀请山东企业家到宁夏参观考察、洽谈投资。会上，集中签订了先进制造、精细化工、节能环保等领域招商引资合作项目11个，计划总投资85.47亿元。。自治区领导张超超、王和山参加考察活动。山东省领导王清宪、孙继业、于杰分别参加会见或考察活动。（记者 李东梅）,政府领导到其他城市考察学习或访问,0.8084748919078435,True
宁夏回族自治区,宁夏经贸合作考察团在天津考察洽谈对接项目,2018-10-25,10月23日下午至24日，宁夏回族自治区党委副书记、自治区主席咸辉带领自治区经贸合作考察团来到天津市，考察学习天津在推动新旧动能转换、建设自由贸易试验区等方面的新举措新经验，并与天津市政府签署“宁电入津”框架协议，参观考察企业，洽谈对接项目，探索密切经贸合作、深化津宁友谊的路径举措。天津市委副书记、市长张国清会见咸辉一行并全程陪同考察。。23日下午，张国清在会见时说，宁夏历史悠久、资源丰富，素有“塞上江南”美誉。津宁两地经贸往来密切，合作成果丰硕。当前，天津全力落实京津冀协同发展战略，深度融入“一带一路”建设，着力改善生态环境，推进高质量发展。希望双方进一步发挥优势，不断深化多领域务实合作。诚挚邀请客人明年来津参加第三届世界智能大会。。咸辉对天津市长期以来对宁夏发展的支持表示感谢。咸辉说，天津市是我国经济最具活力的地区之一。宁津两地交流合作基础良好、成果丰硕。希望充分借鉴天津改革开放、产业发展、金融创新等典型经验，加强两地在对外开放、产业转移、社会事业、生态建设等方面的交流合作，推动产业转型和高质量发展，实现两地携手共进、互利共赢。。会见结束后，张国清、咸辉见证自治区政府与天津市政府“宁电入津”框架协议签约仪式。根据协议，计划2018-2022年每年完成增供交易电量10亿千瓦时，进一步促进消纳宁夏电力、满足天津用电需求。。24日上午，考察团一行进企业、看车间、谈项目、话合作，切身感受到天津推动产业结构向高端高质高新迈进的巨大成就和务实举措。在考察天津中环电子公司时，咸辉说，天津的发展速度、创新活力和成功经验值得深入学习，要借鉴先进经验，推动宁夏经济向产业链、价值链的中高端迈进。在天津力神电池、天地伟业公司，考察团成员详细了解企业在创新发展、科技研发等情况。咸辉说，要学习天津企业敢为人先的创新意识和精益求精的工匠精神，通过取经学艺更新观念，找准选好推动经济高质量发展的新路子。。当天下午举行的宁夏-天津经贸合作暨企业家交流座谈会上，来自天津纺织、百利机械、锦峰集团等重点企业的110余位企业家代表应邀参会，考察团成员与企业家们热烈交流，详细介绍宁夏的投资政策、资源优势、物流成本等，寻找创富商机，凝聚合作共识。会上，集中签订了合作协议1个、合作项目7个、涉及循环经济、精细化工、食品加工等领域，总投资41.2亿元。,政府领导到其他城市考察学习或访问,0.8664332684080615,True
宁夏回族自治区,加强交流深化友谊在更高层次上务实合作,2018-07-26,7月25日，江苏省委副书记、省长吴政隆率领江苏代表团在宁夏考察，举行两省区经济社会发展座谈会暨合作项目签约仪式。宁夏回族自治区党委书记、人大常委会主任石泰峰，自治区党委副书记、自治区主席咸辉与吴政隆等出席。。7月的宁夏，风光秀丽、生机盎然。在石泰峰、咸辉等陪同下，江苏代表团一行先后到银川市民大厅、宁夏共享集团、志辉源石酒庄，考察了宁夏深化“放管服”改革、3D打印和智能铸造、贺兰山东麓葡萄酒产业发展情况，宁夏用改革深度换取群众满意度、营商环境舒适度的创新举措，以及智能制造和现代特色农业发展的好势头给代表团留下了深刻印象。。考察结束后，两省区举行经济社会发展座谈会暨合作项目签约仪式。石泰峰代表自治区党委和政府对江苏省代表团表示欢迎，对江苏省长期以来对宁夏的支持帮助表示感谢。他说，江苏省历史悠久、人杰地灵，在全国经济社会发展中的地位举足轻重。党的十九大以来，在以习近平同志为核心的党中央坚强领导下，省委和省政府团结带领全省人民聚力创新、聚焦富民，干在实处、走在前列，推动“强富美高”新江苏建设迈出新步伐，在许多方面创造了全国领先的经验，值得我们学习借鉴。。石泰峰指出，江苏和宁夏虽然山水相隔、千里之遥，但两省区的交流合作、友好往来源远流长、日益密切，年年都有新变化、年年都结新成果。希望两省区深入学习贯彻习近平新时代中国特色社会主义思想和党的十九大精神，进一步加强交流、深化友谊，建立健全稳定的多层面会商机制，保持省级层面的互访互动，扩大市县交流，活跃民间交流，在更大范围、更宽领域、更高层次上务实合作、互利共赢、共同发展。我们热忱欢迎江苏的领导和同志们常来宁夏考察指导、传经送宝，热忱欢迎江苏各界人士特别是企业界到宁夏考察交流、投资兴业，自治区党委和政府将提供优质服务、便利条件、良好环境。。吴政隆在简要介绍江苏经济社会发展情况后说，宁夏历史悠久，文化灿烂，资源丰富，素有“塞上江南”美誉。近年来，自治区党委、政府团结带领全区各族人民，认真贯彻落实党的十九大精神和习近平总书记重要指示要求，各项事业取得显著成就。宁夏实干兴宁的宝贵经验值得我们认真学习借鉴，干部群众干事创业的优良作风让我们深受教育。江苏与宁夏虽远隔千里，但情谊深厚，交往源远流长，特别是签订合作框架协议以来，双方合作取得了积极成效。在喜迎自治区成立60周年之际，希望双方持续深化产业合作、开放合作、旅游合作、社会事业合作，共同努力、深度融入“一带一路”建设，推动新时代江苏宁夏交流合作向更宽领域、更深层次、更高质量发展。。咸辉在简要介绍了宁夏经济社会发展情况后说，近年来，宁夏与江苏之间的合作交流不断深化，达成了一批签约项目，形成了一批合作成果，为宁夏经济社会发展注入了新的活力。今天，两省区有关部门和企业再次签订一批合作协议，实施一批重大项目，标志着双方合作交流开启了新篇章。希望今后两省区在加强产业对接谋划、推动共建产业园区、加大干部互派交流、深化人才交流合作、完善合作推进机制等方面开展更多务实的合作，以更加扎实有效的举措推动各项协议落地见效，促进两省区经济共同繁荣、社会共同进步。。签约仪式上，两省区有关部门和企业共签订合作协议12个，涉及能源电力、精细化工、新材料、特色农业、现代服务业等多个领域。自治区领导张超超、纪峥，江苏省领导马秋林、蓝绍敏参加考察和座谈。（记者 马晓芳 张文攀）,政府领导到其他城市考察学习或访问,0.5665539370312804,True
宁夏回族自治区,宁夏党政代表团在福建省考察学习,2017-08-11,依山面海的溪尾镇溪邳村，是宁德市连家船民聚集的纯渔业村。过去渔民常年漂泊海上，“一条破船挂破网，祖孙三代共一船”。1999年4月中旬，时任福建省委副书记的习近平同志专程到闽东沿海县（市）走访连家船民，并郑重承诺“绝不能让渔民再漂泊下去。”此后，由省、地、县三级组织实施的连家船民上岸定居工程，结束了连家船民“行船走马三分命”的漂泊生活。船民上岸后，该村成立“水上党校”，引领居民念好“海经”，发展海洋渔业，人均收入从上岸前的850多元增加到了2016年的17678元。看到溪邳村由穷困渔村到“海角明珠”的沧桑巨变，代表团成员认为，重视基层党组织建设、因地制宜发展产业是溪邳村脱贫致富的关键；宁夏在推动精准扶贫、精准脱贫中，要认真学习借鉴溪邳村的成功经验，切实加强基层党组织建设，发展壮大村集体经济，让基层党组织为民办事有能力、有威信；要结合贫困地区实际，选准脱贫致富产业，大力推进产业富民，让一方水土养得了、富得了一方人；在推进生态移民中，要注重水、电、路、通讯等基础设施建设，解决好移民搬迁后的生活出路问题。。位于福州市的网龙网络信息技术公司，经过近20年的发展，已成为全球领先的互动数字供应商，中国网络游戏、移动互联网应用行业的领军者，VR产业潮流的引导者，业务版图覆盖100多个国家，目前正在“一带一路”沿线国家布局推广“互联网+教育”产品。由“企业号”办公楼、“退台方院”员工宿舍等各种创新元素组成的产业园区，令代表团成员耳目一新、大开眼界。通过VR成像技术体验科技魅力、感受产业园区无处不在的创新因子，大家纷纷表示，在创新精神引领下形成的创新生态是网龙公司快速发展的秘诀，宁夏要学习借鉴企业的创新精神，大力实施创新驱动战略，打造风生水起的创新生态，着力形成以创新为引领的经济体系和发展方式，让创新成为宁夏未来发展的核心竞争力。石泰峰代表自治区党委、政府向企业发出邀请。他说，今年9月第三届中阿博览会将在银川举办，福建省是本届博览会的主题省，希望网龙公司能够积极参与，宁夏将尽最大可能为企业与“一带一路”沿线国家开展合作提供便利条件、搭建展示平台。。代表团在参观宁德新能源锂离子电池生产项目时，纷纷为企业的智能化车间、高科技产品以及宁德转型发展的成果点赞。在宁德社会福利中心，代表团对该中心先进的管理理念和经营模式给予高度评价，认为宁德发展民生事业的创新做法值得学习借鉴。,政府领导到其他城市考察学习或访问,0.894788161478059,True
宁夏回族自治区,我区考察学习福建医改工作经验,2016-10-28,10月25日至26日，自治区副主席马力带领自治区相关部门负责人赴福建考察医药卫生体制改革工作。。在闽期间，召开了闽宁医改工作座谈会，国家卫计委副主任金小桃、福建省副省长李红出席会议。。金小桃指出，福建医改走得实、有成果，宁夏医改走得早、有潜力，闽宁两省区要继续强化组织领导，加强机制建设，不断开创医改工作新局面。。李红指出，福建要把与宁夏互学互助作为崇高使命和责任，发挥优势，加强协作，促进资源共享和优势互补，实现共同发展。。马力指出，福建在医改顶层设计、创建办医领导体制、创新药品集中采购新机制、建立分级诊疗制度等方面取得实效。宁夏要认真贯彻落实全国卫生与健康大会和东西部扶贫协作座谈会精神，结合自身实际学习借鉴福建医改工作的好经验好做法，以改革为动力推动宁夏综合医改试点工作取得新成绩，力争创造出可复制、可推广的宁夏模式和经验。。马力一行还到三明市进行了实地考察，详细了解了三明市在推进医改工作中的典型经验做法。,政府领导到其他城市考察学习或访问,0.8960850520183751,True
宁夏回族自治区,宁夏党政代表团在上海学习考察瞻仰中共一大纪念馆陈吉宁梁言顺张雨浦陈雍参加,2023-03-27,宁夏党政代表团在上海学习考察瞻仰中共一大纪念馆<br>陈吉宁梁言顺张雨浦陈雍参加- 宁夏。3月26日，宁夏党政代表团在上海市学习考察，深入学习贯彻党的二十大和习近平总书记关于深化东西部协作的重要指示精神，从百年党史中感悟伟大建党精神、砥砺初心使命，学习上海市改革开放、高质量发展的先进经验做法，解放思想、打开脑洞，以创新的思路和举措加快建设社会主义现代化美丽新宁夏。上海市委书记陈吉宁，自治区党委书记、人大常委会主任梁言顺，自治区党委副书记、自治区主席张雨浦，自治区政协主席陈雍参加。。百年征程波澜壮阔，百年初心历久弥坚。宁夏党政代表团一下飞机就直奔中共一大纪念馆，沿着早期共产党人的足迹，探寻党的精神密码。从“前赴后继、救亡图存”“民众觉醒、主义抉择”，到“早期组织、星火初燃”“开天辟地、日出东方”“砥砺前行、光辉历程”，代表团成员沿着主题展区，认真听取讲解、仔细观看实物展览，追忆建党百年的峥嵘岁月，感受伟大建党精神的不竭力量。首次印刷出版的《共产党宣言》中文译本、上海共产党早期组织成员名单等珍贵历史文献文物吸引大家不时驻足观看，一致表示这是一次重温党的光辉历史、接受革命精神洗礼教育之行，将从党的百年奋斗征程中汲取前进力量，大力弘扬伟大建党精神，深刻领悟“两个确立”的决定性意义，坚决做到“两个维护”，牢记初心使命、激发昂扬斗志，为强国建设、民族复兴贡献宁夏力量。。长三角资本市场服务基地是发挥长三角地区金融资源集聚优势、为上市企业提供全生命周期服务的重要平台，自2019年4月运行以来已扶持科创板上市企业240多家，总市值超3.38万亿元。代表团实地考察基地服务流程和成果，“金融+科创”高效联动所产生的乘数效应让大家深受触动，表示加快发展必须“不走寻常路”，大胆解放思想、开动脑筋，坚定不移走创新之路，不断开辟高质量发展的新领域新赛道。。代表团还考察了杨浦滨江公共空间，为上海市坚持“人民城市人民建、人民城市为人民”理念、把“工业锈带”打造成“生活秀带”的做法赞叹。大家表示，要认真学习上海的好经验好做法，坚持发展为了人民、发展依靠人民、发展成果与人民共享，让群众在高质量发展中收获更多获得感幸福感安全感。,政府领导到其他城市考察学习或访问,0.5982525653392083,True
宁夏回族自治区,追寻总书记光辉足迹感悟总书记思想伟力认真学习福建省改革发展的好经验好做法,2020-12-01,追寻总书记光辉足迹感悟总书记思想伟力<br>认真学习福建省改革发展的好经验好做法- 宁夏。福建是习近平总书记工作过的地方，总书记曾在这里率领福建人民掀起了改革开放的汹涌大潮，开启了创新发展的伟大实践。11月29日至30日，自治区党委书记、人大常委会主任陈润儿，自治区党委副书记、自治区主席咸辉带领宁夏党政代表团，到福建省宁德市、福州市考察，追寻总书记光辉足迹，感悟总书记思想伟力，学习福建省改革发展、扩大开放、生态建设、改善民生等方面的好经验好做法。福建省委书记、省人大常委会主任于伟国，福建省委副书记、省长王宁陪同考察。自治区政协主席崔波参加。。上世纪80年代，习近平总书记担任宁德地委书记时，提出了“弱鸟先飞”“滴水穿石”等扶贫理念，这是习近平总书记精准扶贫、精准脱贫基本方略的发端。宁夏党政代表团考察的第一站，就来到宁德市蕉城区北山村。北山村是一个典型的畲族村，村容村貌整洁，青山环绕四周，房屋错落有致，小桥流水潺潺，宛如优美画卷。村支部书记介绍说：“总书记在这里工作时提出‘畲族下山’，20多年来，我们沿着总书记指引的路子不懈奋斗，将分散在山坡上的36个贫困村全部搬了下来，发展成为今天300多户的美丽村庄。我们打心底感恩总书记。”看到畲族村的巨大变化，代表团成员深受触动、倍感振奋。大家表示，北山村坚决贯彻习近平总书记重要指示，坚持把摆脱贫困与发展特色产业、加强生态保护、建设美丽乡村有机结合起来，走出了一条产业美、生态美、民风美、环境美“四美”融合发展的新路子，为全面脱贫与乡村振兴有效衔接创造了经验，非常值得我们学习借鉴。。这些年，福建省紧紧围绕总书记提出的“机制活、产业优、百姓富、生态美”的重要要求，全方位推动高质量发展超越，许多方面走在了全国前列。宁德时代新能源科技公司是宁德市贯彻习近平总书记“多上几个大项目，多抱几个‘金娃娃’，加快跨越式发展”指示要求，培育引进的标志性企业，主要从事锂电池研发制造，技术创新十年一颠覆、企业发展十年一跃升，目前动力电池销量全球排名第一。代表团成员纷纷为企业爆发式增长、跨越式发展点赞。陈润儿得知企业正在研发锂电池储能技术时说：“宁夏有丰富的光能、风能，电价成本低，和你们在产业链深度融合上有很强的互补性，欢迎到宁夏投资发展。”企业负责人表示“一定尽快去！”在福州高意集团、福州软件园、福州瑞芯微电子公司，代表团一行入园区、进企业，听到的都是打造千亿元园区、建设现代化企业的大手笔谋划，看到的都是软件开发、智能制造、大数据应用、精密仪器生产等高科技产业，对福建放眼全世界的胸怀、融入新格局的境界、对标超一流的追求由衷地感到钦佩。大家表示，将把福建省推动高质量发展的高招带回去，转化为推动宁夏高质量发展的实招。。福州市晋安东城区鹤林生态公园里，自然式河流蜿蜒流淌，两岸坡地缓缓入水，绿道串联、秀色绵延。相关负责人介绍说：“公园在规划建设中始终把总书记强调的‘生态美’放在首位，坚持城市修复和生态修复相统一，融入海绵理念，集休闲娱乐、防洪调控等多种功能于一体，既凸显形象美，又突出功能性，已成为居民休闲度假的必来之地。”代表团成员表示，福建在推进生态建设中坚持城市园林化，讲究植被配置，呈现出鲜明的层次感，充分体现了习近平生态文明思想的实践伟力。我们建设黄河流域生态保护和高质量发展先行区，要向福建学习，高水平规划、高标准推进、高颜值建设，让美丽新宁夏有形态、有韵味、有温度、有质感。。福建省领导郑新聪、林宝金、郑建闽，自治区领导赵永清、张柱、李锐、王和山、赖蛟参加考察。（记者 马晓芳 姜璐）,政府领导到其他城市考察学习或访问,0.0,True
宁夏回族自治区,自治区经贸考察团在深圳考察对接项目,2021-04-12,4月10日下午至11日，自治区党委副书记、自治区主席咸辉带领自治区经贸考察团来到广东省深圳市，学习改革开放的好经验好做法，对接洽谈项目，共商经贸合作。广东省委副书记、深圳市委书记王伟中陪同考察，并进行会见。。作为中国改革开放的重要窗口，深圳向世界展示着中国特色社会主义的伟大成就。考察团切身感受到深圳在新发展阶段以新理念引领新航程、新经济创造新风景的改革探索。成立于2015年的前海蛇口自贸区，是“特区中的特区”。咸辉详细了解自贸区制度创新、融合发展等情况，强调要充分借鉴前海经验做法，推动内陆开放型经济试验区建设迈上新台阶。华润集团旗下多家企业在宁投资，并定点帮扶海原县。咸辉感谢华润集团对宁夏脱贫攻坚的重要贡献，表示将持续支持企业在宁夏的光伏发电、葡萄酒、肉牛养殖等领域获得更大发展。来到华为技术有限公司，咸辉仔细询问华为安全生产智能化监控等，邀请企业把“华为云”带到宁夏的医疗保险、化工生产、“数字政府”建设等领域，为高质量发展赋能。在顺丰速运（集团）有限公司、海吉星国际农产品物流园，听到企业正在谋划布局宁夏新项目时，咸辉要求精准对接双方优势资源，加快项目落地，实现资源共享，促进共赢发展。。在10日下午的会见中，受自治区党委书记、人大常委会主任陈润儿委托，咸辉代表自治区党委、政府对深圳市长期以来的帮助和支持表示感谢，并简要介绍了宁夏经济社会发展情况。咸辉说，宁夏坚决贯彻落实习近平总书记视察宁夏重要讲话重要指示精神，经济实现恢复增长，脱贫攻坚夺取全面胜利，改革开放不断推向深入，民生水平不断提高，正在继续建设经济繁荣民族团结环境优美人民富裕的美丽新宁夏。深圳先行先试的经验做法让人深受启发，举世瞩目的发展成就令人十分钦佩，希望双方携手共创合作发展新局面。一是加强改革开放合作，共享开放通道，共建开放平台，共用开放载体，为服务和融入新发展格局贡献力量。二是深化经济贸易合作，聚焦重点产业，加大商务交流，吸引更多企业到宁夏投资兴业，实现优势互补、互利共赢。三是拓展科技创新合作，在产学研深度融合、创新人才培育、科技成果转化等方面，建立合作机制，助力宁夏建设黄河流域生态保护和高质量发展先行区。。王伟中代表深圳市委、市政府对宁夏经贸合作考察团表示热烈欢迎，并介绍了深圳改革开放、创新发展情况。他说，深圳坚定扛起习近平总书记、党中央赋予的新时代历史使命，按照广东省委“1+1+9”工作部署和市委“1+10+10”工作安排，抓住粤港澳大湾区、深圳先行示范区“双区”建设和实施深圳综合改革试点重大历史机遇，一天当做两天用，两步并做一步走，奋力推动“十四五”高质量开好局、起好步。深圳与宁夏有较好合作基础，希望两地互相学习借鉴落实国家重大发展战略的经验做法，持续深化改革开放，坚持“政府引导、企业主体、市场运作、合作共赢”，进一步加强经贸往来，在科技创新、产业协作、农产品供销、旅游文化等方面开展更多务实合作，更好服务和融入新发展格局，推动高质量发展，携手为全国发展大局作出新的更大贡献，以实际行动和优异成绩庆祝建党100周年。。自治区党委常委、常务副主席张超超，自治区副主席赖蛟，广东省委常委、常务副省长林克庆，深圳市委副书记、市长陈如桂分别参加考察、会见。（记者 周一青）,政府领导到其他城市考察学习或访问,0.815985106542659,True
宁夏回族自治区,习近平在辽宁考察时强调在新时代东北振兴上展现更大担当和作为奋力开创辽宁振兴发展新局面,2022-08-19,习近平在辽宁考察时强调<br>在新时代东北振兴上展现更大担当和作为<br>奋力开创辽宁振兴发展新局面- 宁夏。习近平在辽宁考察时强调 在新时代东北振兴上展现更大担当和作为 奋力开创辽宁振兴发展新局面。新华社沈阳8月18日电 中共中央总书记、国家主席、中央军委主席习近平近日在辽宁考察时强调，要贯彻党中央决策部署，坚持稳中求进工作总基调，统筹疫情防控和经济社会发展工作，统筹发展和安全，完整、准确、全面贯彻新发展理念，坚定不移推动高质量发展，扎实推进共同富裕，加快推进治理体系和治理能力现代化，深入推进全面从严治党，在新时代东北振兴上展现更大担当和作为，奋力开创辽宁振兴发展新局面，以实际行动迎接党的二十大胜利召开。。8月16日至17日，习近平在辽宁省委书记张国清、省长李乐成陪同下，先后来到锦州、沈阳等地，深入革命纪念馆、河湖治理工程、企业、社区等进行调研。。8月16日至17日，中共中央总书记、国家主席、中央军委主席习近平在辽宁考察。这是16日下午，习近平在锦州市考察辽沈战役纪念馆。新华社记者 鞠鹏 摄。16日下午，习近平在锦州市首先考察了辽沈战役纪念馆。70多年前，中国共产党指挥人民军队取得辽沈战役胜利。习近平依次参观序厅、战史馆、支前馆、英烈馆，回顾东北解放战争历史和辽沈战役胜利进程，追忆广大人民群众支援前线的感人事迹和革命先烈不畏牺牲的英雄事迹。习近平指出，辽沈战役的胜利，充分体现了毛泽东同志等老一辈革命家高超的战略眼光和战略谋划。解放战争时期我们党同国民党的大决战，既是兵力火力之战，更是民心向背之争。辽沈战役胜利是东北人民全力支援拼出来的，淮海战役胜利是老百姓用小车推出来的，渡江战役胜利是老百姓用小船划出来的。民心是最大的政治，决定事业兴衰成败。只要我们党始终保持同人民群众的血肉联系，始终与人民同呼吸、共命运、心连心，就能拥有战胜一切艰难险阻的强大力量。习近平强调，学习党史是每一位党员的义务。要推动党史学习教育常态化长效化，引导广大党员、干部把学习党史作为必修课和常修课。。习近平亲切会见了老战士老同志和革命烈士亲属代表，向他们表示诚挚慰问。习近平指出，东北人民不仅为辽沈战役胜利和东北解放付出了巨大牺牲，也为新中国建设和抗美援朝战争胜利作出了巨大贡献，党和人民永远不会忘记。我们的红色江山是千千万万革命烈士用鲜血和生命换来的。江山就是人民，人民就是江山。我们决不允许江山变色，人民也绝不答应。吃水不忘挖井人。新中国成立70多年来，经过一代又一代人艰苦奋斗，我们的国家发生了翻天覆地的变化，人民过上了全面小康生活，中华民族屹立于世界民族之林。我们要继续向前走，努力实现中华民族伟大复兴，以告慰革命先辈和先烈。各级党委和政府要关心老战士老同志和革命烈士亲属，让老战士老同志享有幸福晚年，让烈士亲属体会到党的关怀和温暖。红色江山来之不易，守好江山责任重大。要讲好党的故事、革命的故事、英雄的故事，把红色基因传承下去，确保红色江山后继有人、代代相传。习近平祝愿老战士老同志健康长寿、生活幸福、事事如意！。习近平17日在沈阳市考察调研。当天下午，他来到沈阳新松机器人自动化股份有限公司。在企业展厅，习近平听取辽宁新时代东北振兴整体情况介绍，察看辽宁先进科技产品集中展示，并考察了新松公司生产经营、自主创新情况。企业生产车间内，工业机器人、协作机器人、特种机器人等正在进行测试。习近平向技术人员和企业职工询问企业开展核心技术攻关等情况，对企业自主创新和产业化发展取得的成绩予以肯定，表示新松公司体现了中国速度、中国水平。,不属于政府领导到其他城市考察学习的新闻,0.6403856458481705,True
宁夏回族自治区,宁夏经贸合作考察团在河北考察,2018-10-26,10月25日，宁夏回族自治区党委副书记、自治区主席咸辉带领自治区经贸合作考察团来到河北省，学习借鉴河北改革创新、转型升级的实践经验，并召开宁夏-河北经贸合作暨企业家交流座谈会，就深化两地产业发展、经贸合作等事宜进行商谈。河北省委书记、省人大常委会主任王东峰，河北省委副书记、省长许勤分别与咸辉一行会见或会面交流。。王东峰在会见时对咸辉一行到河北考察表示欢迎。他说，当前，河北正扎实推进京津冀协同发展、雄安新区规划建设、北京冬奥会筹办等重大国家战略，取得了重要的阶段性成效。建议双方以此次考察为契机，充分发挥两省区比较优势，深化务实合作，建立沟通协作长效机制，共同努力建设美丽新宁夏和经济强省、美丽河北。王东峰还向代表团简要介绍了河北产业结构调整、环境污染治理等情况。。咸辉首先代表自治区党委和政府感谢河北省长期以来给予宁夏的关心支持，并对河北发展取得的巨大成就表示祝贺。在简要介绍了宁夏情况后，咸辉说，河北省是经济大省，产业结构优化扎实推进，经济转型升级成效显著。宁夏与河北产业互补性、关联性很强，合作关系由来已久，希望两省区继续加强能源化工、新材料、装备制造等领域合作，持续深化两地友谊，实现优势互补、合作共赢。。当天上午，考察团一行来到石家庄以岭药业，详细了解中医药产业化应用和大健康板块未来发展趋势，与企业负责同志就“互联网+医疗健康”示范区建设等进行交流，并推介宁夏的道地药材资源。咸辉说，要依托宁夏资源优势，优化营商环境，吸引更多有实力的大企业、有潜力的好项目，为全区高质量发展加油助力、攒足后劲。考察期间，考察团成员通过听介绍、进企业、看项目，切身感受河北以新理念引领新航程、新经济创造新风景的改革探索，深入体验河北精准施策、多点发力的具体实践。。在随后举行的宁夏—河北经贸合作暨企业家交流座谈会上，集中播放了宁夏招商引资宣传片，重点推介了宁夏能源化工、现代农业、装备制造等优势领域，详细介绍了宁夏在税费、用地、用电、基础设施等发展要素方面的优惠政策，诚邀河北企业家到宁夏寻觅商机，共同谱写互利共赢的发展新篇章。来自石药集团、中国华能、天山集团等100余家河北企业应邀参会，宇航化工、以岭药业等6家企业结合投资宁夏、考察宁夏的亲身经历，围绕推进项目合作、优化政策环境等互动交流。会上，还集中签订了总投资49亿元的8个合同项目，涉及新材料、精细化工、现代纺织等领域。。自治区领导张超超、王和山参加考察。河北省领导袁桐利、高志立、夏延军分别参加考察、会见或会面交流。（记者 李东梅）,政府领导到其他城市考察学习或访问,0.7851495182209612,True
宁夏回族自治区,习近平在黑龙江考察时强调牢牢把握在国家发展大局中的战略定位奋力开创黑龙江高质量发展新局面,2023-09-09,习近平在黑龙江考察时强调：<br>牢牢把握在国家发展大局中的战略定位<Br>奋力开创黑龙江高质量发展新局面- 宁夏。习近平在黑龙江考察时强调： 牢牢把握在国家发展大局中的战略定位 奋力开创黑龙江高质量发展新局面。习近平在黑龙江考察时强调 牢牢把握在国家发展大局中的战略定位 奋力开创黑龙江高质量发展新局面 蔡奇陪同考察。中共中央总书记、国家主席、中央军委主席习近平近日在黑龙江考察时强调，要牢牢把握在国家发展大局中的战略定位，扭住推动高质量发展这个首要任务，落实好党中央关于推动东北全面振兴的决策部署，扬长补短，把资源优势、生态优势、科研优势、产业优势、区位优势转化为发展新动能新优势，建好建强国家重要商品粮生产基地、重型装备生产制造基地、重要能源及原材料基地、北方生态安全屏障、向北开放新高地，在维护国家国防安全、粮食安全、生态安全、能源安全、产业安全中积极履职尽责，在全面振兴、全方位振兴中奋力开创黑龙江高质量发展新局面。。9月6日至8日，习近平在黑龙江省委书记许勤和省长梁惠玲陪同下，来到大兴安岭、哈尔滨等地，深入林场、乡村、高校等进行调研，前往灾后恢复重建现场看望慰问受灾群众。。9月6日至8日，中共中央总书记、国家主席、中央军委主席习近平在黑龙江考察。这是6日下午，习近平在大兴安岭地区漠河市漠河林场自然林区考察。新华社记者 殷博古 摄。6日下午，习近平来到大兴安岭地区漠河市，考察漠河林场自然林区，察看自然林生长态势和林下作物展示，听取当地深化森林资源资产管理改革、推进生态产业化和产业生态化以及加强森林防火灭火情况介绍。习近平指出，要坚持造林与护林并重，做到未雨绸缪、防患于未然，决不能让几十年、几百年、上千年之功毁于一旦。。随后，习近平乘车来到我国大陆最北端的边境临江村落北极村，仔细了解当地结合地域优势发展特色旅游、将生态优势转化成发展优势等情况。习近平强调，森林是集水库、粮库、钱库、碳库于一身的大宝库。要树立增绿就是增优势、护林就是护财富的理念，在保护的前提下让老百姓通过发展林下经济增加收入。在村民史瑞娟家的民宿小院，习近平向乡亲们了解当地发展乡村特色产业、助推兴边富民乡村振兴等情况。他指出，北极村的发展和群众的生活状况好，看了很高兴。发展旅游业是推动高质量发展的重要着力点。把大兴安岭森林护好，旅游业才有吸引力。这里的旅游资源得天独厚，地方党委和政府要提供政策支持，坚持林下经济和旅游业两业并举，让北国边塞风光、冰雪资源为乡亲们带来源源不断的收入。。离开小院时，当地群众在道路两旁热情欢送总书记。习近平亲切地对大家说，北极村前景可期。希望广大干部、群众共同努力，把乡村建设得更好、把生态保护得更好、让人民生活得更好，共同奔向中国式现代化的美好未来。。习近平十分牵挂洪涝灾害地区灾后恢复重建工作和受灾群众的生活保障问题。7日上午，习近平乘车来到受灾较重的哈尔滨尚志市老街基乡龙王庙村，察看水稻受灾和水毁房屋重建情况。村民杨春贵家房屋在洪灾中进水浸泡，屋内设施受损、间墙开裂，正在修缮。习近平走进杨春贵家中，看到房屋修缮即将完毕、生产生活都有安排，感到很欣慰。习近平指出，我一直牵挂受灾群众，尚志市这次受灾较为严重，看到灾后恢复重建快速顺利，乡亲们生活有了着落、生产有了保障，心里很踏实。东北冬季来得早、时间长，要确保受灾群众安全温暖过冬，地方党委和政府要抓紧谋划，提前行动，把吃、喝、住、行、就业、教育、医疗防疫等事关群众生产生活的大小事情考虑得更细致、更周全一些，不留一丝纰漏。要抓紧修复受损房屋，加快推进灾后重建，最大程度减少农业因灾损失，确保受灾群众安心安全。,政府领导到其他城市考察学习或访问,0.0,True
宁夏回族自治区,习近平在浙江考察时强调始终干在实处走在前列勇立潮头奋力谱写中国式现代化浙江新篇章返京途中在山东枣庄考察,2023-09-26,习近平在浙江考察时强调<br>始终干在实处走在前列勇立潮头<br>奋力谱写中国式现代化浙江新篇章<br>返京途中在山东枣庄考察- 宁夏。习近平在浙江考察时强调 始终干在实处走在前列勇立潮头 奋力谱写中国式现代化浙江新篇章 返京途中在山东枣庄考察。始终干在实处走在前列勇立潮头 奋力谱写中国式现代化浙江新篇章 返京途中在山东枣庄考察 蔡奇陪同考察。中共中央总书记、国家主席、中央军委主席习近平近日在浙江考察时强调，要完整准确全面贯彻新发展理念，围绕构建新发展格局、推动高质量发展，聚焦建设共同富裕示范区、打造新时代全面展示中国特色社会主义制度优越性的重要窗口，坚持一张蓝图绘到底，持续推动“八八战略”走深走实，始终干在实处、走在前列、勇立潮头，奋力谱写中国式现代化浙江新篇章。。9月20日至21日，习近平在浙江省委书记易炼红和省长王浩陪同下，先后来到金华、绍兴等地，深入农村、商贸市场、陈列馆、文化园区等进行调研。。9月20日至21日，中共中央总书记、国家主席、中央军委主席习近平在浙江考察。这是20日上午，习近平在金华市义乌市后宅街道李祖村考察。新华社记者 谢环驰 摄。20日上午，习近平来到金华市义乌市后宅街道李祖村考察调研。近年来，李祖村人居环境大为改善，各类创业主体纷纷进驻，乡村旅游十分红火，被评为全国文明村。习近平先后在村党群服务中心、“共富市集”、扎染商铺等场所了解李祖村发展变化情况。得知李祖村年人均收入达到5.2万元，习近平十分高兴。他说，李祖村扎实推进共同富裕，是浙江“千万工程”显著成效的一个缩影，要再接再厉，在推动乡村振兴上取得更大成绩。乡村振兴为年轻人提供了展现才华的用武之地，希望更多的年轻人为乡村振兴发挥积极作用。离开村子时，当地群众簇拥到总书记身旁，热情欢送总书记。习近平对大家说，乡村振兴潜力无限、大有可为，乡亲们要努力奋斗，一起奔向共同富裕的美好明天。。随后，习近平来到义乌国际商贸城考察。他通过电子屏幕实时了解商贸城运营及“义新欧”班列运行情况，并走进市场同商户、小企业主代表亲切交流，详细询问市场行情。他强调，义乌小商品闯出了大市场、做成了大产业，走到这一步很了不起，每个人都是参与者、建设者、贡献者。商贸城要再创新辉煌，为拓展国内国际市场、畅通国内国际双循环作出更大贡献。。今年是毛泽东同志批示学习推广“枫桥经验”60周年。20日下午，习近平来到“枫桥经验”发源地诸暨市枫桥镇，参观枫桥经验陈列馆，了解新时代“枫桥经验”的生动实践。习近平指出，要坚持好、发展好新时代“枫桥经验”，坚持党的群众路线，正确处理人民内部矛盾，紧紧依靠人民群众，把问题解决在基层、化解在萌芽状态。。随后，习近平乘车来到位于绍兴的浙东运河文化园考察。他步行察看古运河河道和周边历史文化遗存，详细了解浙东运河发展演变史和当地合理利用水资源、推进大运河保护等情况。习近平强调，大运河是世界上最长的人工运河，是十分宝贵的文化遗产。大运河文化是中国优秀传统文化的重要组成部分，要在保护、传承、利用上下功夫，让古老大运河焕发时代新风貌。。21日下午，习近平听取了浙江省委和省政府工作汇报，对浙江各项工作取得的成绩给予肯定，对浙江提出了新要求。。李干杰、何立峰、王小洪及中央和国家机关有关部门负责同志陪同分别参加上述有关活动，主题教育中央第五巡回指导组负责同志参加汇报会。,政府领导到其他城市考察学习或访问,0.0,True
宁夏回族自治区,习近平在重庆考察时强调进一步全面深化改革开放不断谱写中国式现代化重庆篇章,2024-04-25,习近平在重庆考察时强调：<br>进一步全面深化改革开放<br>不断谱写中国式现代化重庆篇章- 宁夏。习近平在重庆考察时强调 进一步全面深化改革开放 不断谱写中国式现代化重庆篇章 蔡奇陪同考察。中共中央总书记、国家主席、中央军委主席习近平近日在重庆考察时强调，重庆要对标新时代新征程党的中心任务和党中央赋予的使命，充分发挥比较优势、后发优势，进一步全面深化改革开放，主动服务和融入新发展格局，着力推动高质量发展，奋力打造新时代西部大开发重要战略支点、内陆开放综合枢纽，在发挥“三个作用”上展现更大作为，不断谱写中国式现代化重庆篇章。。4月22日至24日，习近平在中共中央政治局委员、重庆市委书记袁家军和市长胡衡华陪同下，深入物流园区、城市社区、数字化城市运行和治理中心等进行考察调研。。4月22日至24日，中共中央总书记、国家主席、中央军委主席习近平在重庆考察。这是22日下午，习近平在重庆国际物流枢纽园区西部陆海新通道重庆无水港运营调度中心考察。。22日下午，习近平首先考察了重庆国际物流枢纽园区。他来到西部陆海新通道重庆无水港运营调度中心，听取新通道建设情况汇报。习近平强调，物流是实体经济的“筋络”。建设西部陆海新通道，对于推动形成“陆海内外联动、东西双向互济”的对外开放格局具有重要意义。各有关方面要齐心协力，把这一标志性项目建设好、运营好，带动西部和内陆地区高水平对外开放。物流园区要积极运用先进技术，不断创新联运模式，提高科学管理水平，在建设现代物流体系中发挥更大作用。。随后，习近平来到重庆铁路集装箱中心站，听取货物集散、运输路径、运营成本和效益等介绍，同货车司机、列车司机、装卸工人、场站管理人员等亲切交流，询问他们的工作强度、劳动保护、节假日休息和收入情况。习近平说，大家在物流一线，也是在对外开放一线，通过你们的辛勤劳动，很多商品跨越山海、走向世界，你们的工作很有意义。推动西部大开放、促进西部大开发，物流很重要，大家要继续努力，不断创造新的业绩，作出新的贡献。。习近平还听取了重庆推动成渝地区双城经济圈建设情况汇报，参观了重庆科技创新和产业发展成果展示。习近平表示，建设成渝地区双城经济圈是党中央作出的重大战略决策。重庆、四川两地要紧密合作，不断提升发展能级，共同唱好新时代西部“双城记”。支柱产业是发展新质生产力的主阵地。重庆的制造业有自身的结构特点、有相应的优势，希望重庆牢牢抓住科技创新这个“牛鼻子”，扬优势、补短板，抓当前、谋未来，坚定不移、久久为功，奋力推动制造业高质量发展。。九龙坡区谢家湾街道民主村社区是一个老小区，2022年初启动更新改造项目并纳入全国有关试点。习近平来到这里，察看小区改造和便民服务情况，听取提升基层治理效能、为基层减负情况介绍。他还走进社区食堂，同正在就餐的群众亲切交流，鼓励社区食堂实现可持续发展。习近平指出，老旧小区改造是城市更新的一个重点，也是一项民生工程，既要保留历史记忆和特色风貌，又要解决居民关切的实际问题。要总结推广这方面的成功经验，更好惠及广大社区居民。城市治理的很多工作要靠基层党组织这个战斗堡垒和社区这个平台去落实，要厘清城市社区职责事项，继续推动资源下沉、完善服务设施，强化网格化管理、信息化支撑，提高社区精细化治理、精准化服务水平。。离开时，社区居民纷纷围拢过来欢送总书记。习近平对大家说，中国式现代化，民生为大。党和政府的一切工作，都是为了老百姓过上更加幸福的生活。希望各级党委和政府都能为解决民生问题投入更多的财力物力，每年办一些民生实事，不断增强人民群众的获得感幸福感安全感。,其他,0.7341216443035923,True
宁夏回族自治区,习近平在江西考察时强调解放思想开拓进取扬长补短固本兴新奋力谱写中国式现代化江西篇章,2023-10-13,习近平在江西考察时强调：<br>解放思想开拓进取扬长补短固本兴新<Br>奋力谱写中国式现代化江西篇章- 宁夏。习近平在江西考察时强调： 解放思想开拓进取扬长补短固本兴新 奋力谱写中国式现代化江西篇章。习近平在江西考察时强调 解放思想开拓进取扬长补短固本兴新 奋力谱写中国式现代化江西篇章 蔡奇陪同考察。中共中央总书记、国家主席、中央军委主席习近平近日在江西考察时强调，要紧紧围绕新时代新征程党的中心任务，完整准确全面贯彻新发展理念，牢牢把握江西在构建新发展格局中的定位，立足江西的特色和优势，着眼高质量发展、绿色发展、低碳发展等新要求，解放思想、开拓进取，扬长补短、固本兴新，努力在加快革命老区高质量发展上走在前、在推动中部地区崛起上勇争先、在推进长江经济带发展上善作为，奋力谱写中国式现代化江西篇章。。10月10日至13日，习近平在江西省委书记尹弘和省长叶建春陪同下，先后来到九江、景德镇、上饶等地，深入长江岸线、企业、历史文化街区、农村等进行调研。。10月10日至13日，中共中央总书记、国家主席、中央军委主席习近平在江西考察。这是10日下午，习近平在长江国家文化公园九江城区段考察时，冒雨沿江堤步行察看沿岸风貌。新华社记者 谢环驰 摄。10日下午，习近平来到九江市考察调研。在长江国家文化公园九江城区段，习近平登上琵琶亭远眺长江，冒雨沿江堤步行察看沿岸风貌，仔细询问长江水位、水质、航运、防洪、禁渔等情况，听取当地崩岸治理、航道疏浚、岸线生态修复等工作进展介绍。习近平指出，长江是长江经济带的纽带。无论未来长江经济带怎么发展、发展到哪个阶段，都不可能离开长江的哺育。要从人与自然和谐共生的生命共同体出发，着眼中华民族永续发展，把长江保护好。。习近平随后乘车来到中国石化九江分公司。他走进公司生产管控中心控制大厅和检验计量中心实验室，详细了解企业转型升级打造绿色智能工厂、推动节能减污降碳等情况，对企业开展科学检测、严格排放标准等做法表示肯定。习近平强调，破解“化工围江”，是推进长江生态环境治理的重点。要再接再厉，坚持源头管控、全过程减污降碳，大力推进数智化改造、绿色化转型，打造世界领先的绿色智能炼化企业。。实验室外，企业员工们围拢过来纷纷向总书记问好。习近平亲切地对大家说，石化产业是国民经济的重要支柱产业，希望你们按照党中央对新型工业化的部署要求，坚持绿色、智能方向，扎扎实实、奋发进取，为保障国家能源安全、推动石化工业高质量发展作出新贡献。。11日上午，习近平来到景德镇市考察调研。在陶阳里历史文化街区，习近平先后走进南麓遗址、陶瓷博物馆、明清窑作群，饶有兴趣地了解制瓷技艺流程、陶瓷文化传承创新和对外交流等情况，同非遗传承人亲切交流，不时赞赏他们的手上功夫和工匠精神，鼓励他们秉持艺术至上，专心致志传承创新。习近平指出，中华优秀传统文化自古至今从未断流，陶瓷是中华瑰宝，是中华文明的重要名片。陶阳里历史文化街区严格遵循保护第一、修旧如旧的要求，实现了陶瓷文化保护与文旅产业发展的良性互动。要集聚各方面人才，加强创意设计和研发创新，进一步把陶瓷产业做大做强，把“千年瓷都”这张靓丽的名片擦得更亮。。随后，习近平来到昌河飞机工业（集团）有限公司，考察了直升飞机总装车间和试飞站，详细了解企业推进技术创新和产品迭代升级的情况。他指出，航空装备是我国制造业发展的一个重点。要坚持创新驱动，在关键核心技术自主研发上下更大功夫，面向未来需求出新品，努力构建先进制造体系、打造世界一流直升机企业。。13日上午，习近平听取江西省委和省政府工作汇报，对江西各项工作取得的成绩给予肯定。,不属于政府领导到其他城市考察学习的新闻,0.5356630828277289,True
宁夏回族自治区,习近平在四川考察时强调推动新时代治蜀兴川再上新台阶奋力谱写中国式现代化四川新篇章返京途中在陕西汉中考察,2023-07-30,习近平在四川考察时强调<br>推动新时代治蜀兴川再上新台阶<br>奋力谱写中国式现代化四川新篇章<br>返京途中在陕西汉中考察- 宁夏。习近平在四川考察时强调 推动新时代治蜀兴川再上新台阶 奋力谱写中国式现代化四川新篇章 返京途中在陕西汉中考察。中共中央总书记、国家主席、中央军委主席习近平近日在四川考察时强调，全面学习贯彻党的二十大精神，要牢牢把握新时代新征程党的中心任务，牢牢把握中国式现代化的科学内涵和本质要求，牢牢把握高质量发展这个首要任务，把贯彻新发展理念、构建新发展格局、促进共同富裕贯穿经济社会发展各方面全过程，深入推进发展方式、发展动力、发展领域、发展质量变革，开创我国高质量发展新局面。四川要进一步从全国大局把握自身的战略地位和战略使命，立足本地实际，明确发展思路和主攻方向，锻长板、补短板，努力在提高科技创新能力、建设现代化产业体系、推进乡村振兴、加强生态环境治理等方面实现新突破，推动新时代治蜀兴川再上新台阶，奋力谱写中国式现代化四川新篇章。。7月25日至27日，习近平在四川省委书记王晓晖和省长黄强陪同下，先后来到广元、德阳等地进行调研。。25日下午，习近平首先来到广元市剑阁县考察了翠云廊。这里是古代关中平原通往四川盆地古蜀道的重要路段，有迄今保存最完好的古代人工栽植驿道古柏群。习近平听取古蜀道发展历程、翠云廊整体情况介绍，沿古道步行察看千年古柏长势，详细询问历史上植柏护柏情况。他指出，这片全世界最大的人工古柏林，之所以能够延续得这么久、保护得这么好，得益于明代开始颁布实行“官民相禁剪伐”、“交树交印”等制度，一直沿袭至今、相习成风，更得益于当地百姓世代共同守护。这启示我们，抓生态文明建设必须搭建好制度框架，抓好制度执行，同时充分调动广大人民群众的积极性主动性创造性，巩固发展新时代生态文明建设成果。临行前，他嘱咐当地负责同志，要把古树名木保护好，把中华优秀传统文化传承好。。位于德阳市广汉市西北鸭子河南岸的三星堆遗址，代表了数千年前的古蜀文明面貌和发展水平，是同时期长江流域文化内涵最丰富、面积最大的都城遗址。26日下午，习近平来到三星堆博物馆新馆，参观“世纪逐梦”、“巍然王都”、“天地人神”等展陈，了解三星堆遗址发掘历程和古蜀文明成果。在三星堆博物馆文物保护与修复馆，习近平走进文保修复工作区，仔细察看文物保护修复工作流程细节和最新技术，同现场工作人员亲切交流。习近平指出，三星堆遗址考古成果在世界上是叫得响的，展现了四千多年前的文明成果，为中华文明多元一体、古蜀文明与中原文明相互影响等提供了更为有力的考古实证。文物保护修复是一项长期任务，要加大国家支持力度，加强人才队伍建设，发扬严谨细致的工匠精神，一件一件来，久久为功，做出更大成绩。习近平代表党中央，对三星堆博物馆新馆的落成使用表示热烈祝贺，向广大考古工作者表示衷心感谢和崇高敬意！。27日上午，习近平听取了四川省委和省政府工作汇报，对四川各项工作取得的成绩给予肯定，希望四川在推进科技创新和科技成果转化上同时发力，在建设现代化产业体系上精准发力，在推进乡村振兴上全面发力，在筑牢长江黄河上游生态屏障上持续发力。。途中，习近平考察了地处汉江汉中城区段的天汉湿地公园，称赞这里是市民“幸福园”。习近平强调，汉江及其支流是南水北调中线工程的主要水源汇集区和供给地，保护好这一区域的湿地资源责任重大、意义深远。生态公园建设要顺应自然，加强湿地生态系统的整体性保护和系统性修复，促进生态保护同生产生活相互融合，努力建设环境优美、绿色低碳、宜居宜游的生态城市。,政府领导到其他城市考察学习或访问,0.0,True
宁夏回族自治区,李希与宁夏经贸考察团举行座谈,2021-04-13,4月9日，中共中央政治局委员、广东省委书记李希与宁夏经贸考察团在广州举行座谈，自治区党委副书记、自治区主席咸辉与广东省委副书记、省长马兴瑞参加座谈。。座谈会上，李希说，广东全省正深入学习贯彻习近平总书记对广东重要讲话和重要指示批示精神，按照“新发展阶段、新发展理念、新发展格局”重要要求，深化落实“1+1+9”工作部署，坚定不移走高质量发展之路，全力打造新发展格局战略支点，奋力在全面建设社会主义现代化国家新征程中走在全国前列、创造新的辉煌。我们要全面深化两省区合作，推动共同发展、协同发展。一是加强战略对接，共促高质量发展。强化粤港澳大湾区、深圳先行示范区“双区”建设与宁夏黄河流域生态保护和高质量发展先行区建设的对接，在相互学习、相互借鉴中找准合作契合点，优势互补，更好服务国家大局。二是以产业合作为牵引，更好服务融入新发展格局。着力加强产业、平台、市场等对接合作，进一步提升产业链供应链合作水平，发挥好各类平台载体作用推动创新资源精准高效对接，共同做大做强优质农产品、旅游等市场，推动实现更高水平的循环互补互通。三是深化对外开放合作，共同塑造国际合作竞争新优势。携手参与“一带一路”建设，共建共享共用广交会、高交会、中阿博览会等平台资源和渠道，推动开放资源融合、开放优势互补、开放举措联动。四是拓展多层次交流交往，推动两省区合作再上新台阶。强化工作联络、衔接落实，做好两省区“十四五”规划对接，在优势互补中加快推进高质量发展。马兴瑞介绍了广东省基本情况。。咸辉代表自治区党委、政府感谢广东省长期以来对宁夏经济社会发展的大力支持。咸辉说，广东是我国经济大省、改革开放前沿阵地，各项事业发展取得的显著成绩，让我们深感钦佩、由衷点赞。宁夏是西部欠发达省区，习近平总书记十分牵挂，四年两次视察，令宁夏人民倍感温暖、倍感振奋、备受鼓舞。自治区党委、政府坚决贯彻落实习近平总书记视察宁夏重要讲话和重要指示精神，正在推进黄河流域生态保护和高质量发展先行区建设，继续建设经济繁荣民族团结环境优美人民富裕的美丽新宁夏。希望加强与广东省的交往交流，共商合作大计、共谋发展大事、共促开放大业。一是携手建立常态化合作新机制，拓展领域，丰富内涵，推动形成全方位合作格局。二是共同探索高质量发展新路子，聚焦产业转型、生态建设、创新驱动等重点任务，促进两省区互补发展、协同发展、共赢发展。三是一起开创开放发展新局面，共建共享开放平台，共同参与“一带一路”建设，更好服务和融入新发展格局。咸辉还热情邀请广东省率团参加今年将在银川举办的第五届中阿博览会。。其间，考察团走进广东“数字政府”建设运营中心和广州周大福金融中心，深入了解广州城市规划、CBD建设，现场观看电子政务服务运维演示，切身感受广州巨变和广东“数”度。咸辉表示要借鉴先进经验和技术，加快提升宁夏“数字政府”建设水平。在广药集团和记黄埔中药有限公司，咸辉现场推介宁夏枸杞、甘草道地药材等，希望双方加强合作，带动宁夏医药产业高质量发展。金发科技股份有限公司是亚太第一、全球第二的改性塑料企业，咸辉实地考察企业技术创新情况。她说，宁夏发展九大重点产业，亟需金发科技这样的科技型、创新型企业加持，广大企业来宁投资兴业，必将大有可为，必定大有作为。。自治区领导张超超、赖蛟，广东省领导张硕辅、林克庆、张福海，广州市市长温国辉参加考察座谈。（记者 周一青）,政府领导到其他城市考察学习或访问,0.7928983524426295,True
宁夏回族自治区,习近平在湖南考察时强调坚持改革创新求真务实奋力谱写中国式现代化湖南篇章,2024-03-21,习近平在湖南考察时强调：<br>坚持改革创新求真务实 奋力谱写中国式现代化湖南篇章- 宁夏。习近平在湖南考察时强调 坚持改革创新求真务实 奋力谱写中国式现代化湖南篇章 蔡奇陪同考察。中共中央总书记、国家主席、中央军委主席习近平近日在湖南考察时强调，湖南要牢牢把握自身在构建新发展格局中的战略定位，坚持稳中求进工作总基调，坚持高质量发展不动摇，坚持改革创新、求真务实，在打造国家重要先进制造业高地、具有核心竞争力的科技创新高地、内陆地区改革开放高地上持续用力，在推动中部地区崛起和长江经济带发展中奋勇争先，奋力谱写中国式现代化湖南篇章。。3月18日至21日，习近平在湖南省委书记沈晓明和省长毛伟明陪同下，先后来到长沙、常德等地，深入学校、企业、历史文化街区、乡村等进行调研。。18日下午，习近平来到湖南第一师范学院（城南书院校区）考察。该校前身是创办于宋代的城南书院，近代以来培养了一批老一辈无产阶级革命家和名师大家。习近平参观青年毛泽东主题展览，了解学院发展沿革和用好红色资源等情况。在学院大厅，习近平同师生代表亲切交流。他说，国家要强大，必须办好教育。一师是开展爱国主义教育、传承红色基因的好地方，要把这一红色资源保护运用好。学校要立德树人，教师要当好大先生，不仅要注重提高学生知识文化素养，更要上好思政课，教育引导学生明德知耻，树牢社会主义核心价值观，立报国强国大志向，努力成为堪当强国建设、民族复兴大任的栋梁之材。。随后，习近平来到巴斯夫杉杉电池材料有限公司考察。这是一家主营锂离子电池正极材料研发、生产和销售的中德合资企业。习近平听取当地加快发展新质生产力、扩大高水平对外开放等情况介绍，察看企业产品展示，了解材料性能测试情况和电池生产流程。他强调，科技创新、高质量发展是企业不断成长壮大、立于不败之地的关键所在，民营企业、合资企业在这方面都可以大有作为。中国开放的大门会越开越大，我们愿意同世界各国加强交流合作，欢迎更多外国企业来华投资发展。。19日，习近平到常德市考察调研。位于沅江江畔的常德河街历史悠久，曾毁于1943年的常德战役。近年来，常德市复原老河街风貌，将此地打造成为历史文化街区。当天上午，习近平来到常德河街，察看各种特色小吃、特产、特色工艺品，同店主和游客亲切交流，并欣赏非物质文化遗产技艺展示，详细了解常德老城街道修复利用、城市规划、水环境综合治理等情况。习近平指出，多姿多彩的地方特色传统文化，共同构成璀璨的中华文明，也助推经济社会发展。常德是有文化传承的地方，这里的丝弦、高腔、号子等要以适当载体传承好利用好，与时俱进发展好。。湖南是全国13个粮食主产省之一，水稻播种面积、总产量均居全国第一。当天下午，习近平来到常德市鼎城区谢家铺镇港中坪村，走进当地粮食生产万亩综合示范片区，察看秧苗培育和春耕备耕进展，听取高质量推进农业现代化情况介绍，并同种粮大户、农技人员、基层干部一笔一笔算投入产出账。习近平强调，我国有14亿多人口，粮食安全必须靠我们自己保证，中国人的饭碗应该主要装中国粮。要建设好高标准农田，推行适度规模经营，加强政策支持和示范引领，加大良种、良机、良法推广力度，在精耕细作上下功夫，进一步把粮食单产和品质提上去，让种粮也能够致富，进而吸引更多农户参与发展现代化大农业，真正把中国特色农业现代化之路走稳走扎实。。离开时，村民们纷纷围拢过来欢送总书记。习近平满怀深情地对大家说，党中央高度重视“三农”工作，一定会采取切实有力的政策举措，回应老百姓的关切和需求，把乡村振兴的美好蓝图变为现实。掌声在村庄久久回荡。,政府领导到其他城市考察学习或访问,0.5172587250878953,True
宁夏回族自治区,习近平在广东考察时强调坚定不移全面深化改革扩大高水平对外开放在推进中国式现代化建设中走在前列,2023-04-14,习近平在广东考察时强调：<br>坚定不移全面深化改革扩大高水平对外开放<br>在推进中国式现代化建设中走在前列- 宁夏。习近平在广东考察时强调： 坚定不移全面深化改革扩大高水平对外开放 在推进中国式现代化建设中走在前列。4月10日至13日，中共中央总书记、国家主席、中央军委主席习近平在广东考察。这是10日下午，习近平在湛江市徐闻县徐闻港泊位码头，向船上的旅客挥手致意。。新华社广州4月13日电 中共中央总书记、国家主席、中央军委主席习近平近日在广东考察时强调，广东是改革开放的排头兵、先行地、实验区，在中国式现代化建设的大局中地位重要、作用突出。要锚定强国建设、民族复兴目标，围绕高质量发展这个首要任务和构建新发展格局这个战略任务，在全面深化改革、扩大高水平对外开放、提升科技自立自强能力、建设现代化产业体系、促进城乡区域协调发展等方面继续走在全国前列，在推进中国式现代化建设中走在前列。。4月10日至13日，习近平在中共中央政治局委员、广东省委书记黄坤明和省长王伟中陪同下，先后来到湛江、茂名、广州等地，深入企业、港口、农村等进行调研。。10日上午，习近平首先考察了位于湛江市东海岛的国家863计划项目海水养殖种子工程南方基地。习近平听取了广东省海洋渔业发展情况介绍，察看渔业良种展示，向现场科研和养殖人员询问选育技术、种苗长势、市场价格等。习近平指出，中国是一个有着14亿多人口的大国，解决好吃饭问题、保障粮食安全，要树立大食物观，既向陆地要食物，也向海洋要食物，耕海牧渔，建设海上牧场、“蓝色粮仓”。种业是现代农业、渔业发展的基础，要把这项工作做精做好。要大力发展深海养殖装备和智慧渔业，推动海洋渔业向信息化、智能化、现代化转型升级。。湛江红树林国家级自然保护区，是我国红树林面积最大、分布最集中的自然保护区。习近平来到位于保护区东部的麻章区湖光镇金牛岛红树林片区，察看红树林长势和周边生态环境。他强调，这片红树林是“国宝”，要像爱护眼睛一样守护好。加强海洋生态文明建设，是生态文明建设的重要组成部分。要坚持绿色发展，一代接着一代干，久久为功，建设美丽中国，为保护好地球村作出中国贡献。。10日下午，习近平来到湛江市徐闻县，考察徐闻港。徐闻港项目是广东与海南相向而行的“头号工程”。在港口专用码头，习近平察看徐闻港全貌，听取广东省提升交通基础设施互联互通水平、对接海南自由贸易港建设相向发展等工作汇报。随后，习近平来到泊位码头，察看船舶停靠、客运转接等。船上的旅客看见总书记来了，纷纷向总书记问好，习近平向大家挥手致意，祝他们一帆风顺。习近平指出，琼州海峡是国家经略南海的战略通道，也是海南自由贸易港建设和发展的咽喉要道，要把“黄金水道”和客货运输最佳通道这篇大文章做好，把徐闻港打造成连接粤港澳大湾区和海南自由贸易港的现代化水陆交通运输综合枢纽。。离开徐闻港，习近平来到环北部湾广东水资源配置工程向南输水的接点站——徐闻县大水桥水库，了解工程建设、管理、运行和后续工程规划等情况。工作人员向总书记展示水样和监测设备，汇报当地加强周边生态保护等情况。习近平指出，我国缺水且水资源分布很不均衡。推进中国式现代化，要把水资源问题考虑进去，以水定城、以水定地、以水定人、以水定产，发展节水产业。广东要把水资源优化配置抓好，加快全面推进水资源配置工程建设，推动解决区域发展不平衡问题，尽早造福广大人民群众。。13日上午，习近平听取广东省委和省政府工作汇报，对广东各项工作取得的成绩给予肯定。。李干杰、何立峰及中央和国家机关有关部门负责同志陪同考察，主题教育中央第七指导组负责同志参加汇报会。,政府领导到其他城市考察学习或访问,0.0,True
宁夏回族自治区,宁夏浙江两省区党政领导在杭州举行会见张超超参加会见,2017-03-01,2月28日，宁夏回族自治区党委书记、人大常委会主任李建华，自治区党委副书记、自治区主席咸辉，带领宁夏党政代表团到浙江考察学习。当天上午，宁夏浙江两省区在杭州举行会见活动，李建华和浙江省委书记、人大常委会主任夏宝龙出席并讲话，咸辉和浙江省委副书记、省长车俊签署两省区重点领域项目合作会谈纪要。。李建华代表自治区党委、人大、政府、政协，对浙江省多年来给予宁夏的关心、支持和帮助表示感谢。他说，近年来，浙江省一以贯之地实施“八八战略”，干在实处、走在前列，“两富”“两美”浙江建设取得了巨大成就，特别是去年高水平承办了G20杭州峰会，给世界留下了深刻的中国印记、浙江印记，极大地提升了我国的对外影响力。李建华指出，宁夏党政代表团这次来，主要是学习浙江改革发展的先进理念和成功经验。我们要学习浙江省高水平承办高层次国际性会议的好经验，借鉴浙江承办G20峰会、世界互联网大会的成功做法，努力把中阿博览会办得更好；学习浙江省科技创新的好经验，借鉴浙江打造创新平台、发展科技型企业、培育创新人才的好做法，加快补齐宁夏科技创新的短板；学习浙江省 “四张清单一张网”等深化改革开放的好经验，以更实措施推动宁夏的改革开放；学习浙江大数据产业、“互联网+”特色小镇、智能制造等方面的经验，推动宁夏大数据产业快速发展。李建华希望两省区及有关方面加强沟通，深化交流，携手推进“一带一路”建设，共同推进产业转型，深化能源开发、精细化工、装备制造、大数据、旅游等方面的合作，携手推进文化交流，搭建有效平台，加强产业布局，深化项目合作，实现共赢发展，携手开创浙宁合作的美好未来。。夏宝龙首先对宁夏党政代表团到浙江考察表示欢迎。他说，近年来，在以习近平同志为核心的党中央坚强领导下，宁夏综合实力显著增强，内陆开放型经济试验区建设迈出实质性步伐，生态环境质量有效改善，人民生活水平显著提高。特别是宁夏举全区之力推进扶贫开发，取得重大成果。宁夏广大干部群众在改革发展和脱贫攻坚中所展现的艰苦创业、奋发向上的精神面貌，让我们感动，也值得我们学习。希望双方本着互利共赢、健康可持续的原则，全面落实会谈纪要，加强能源等方面的合作，进一步拓展双方合作领城、扩大合作成果，促进形成优势互补、共同发展的战略合作新格局。。根据会谈纪要，两省区将在电力外送、产业发展、人才交流培训、社会事业等领域布局一些重点项目，开启更大范围、更宽领域、更高层次的务实合作。,政府领导到其他城市考察学习或访问,0.6461301768386075,True
宁夏回族自治区,江苏宁夏签署商务旅游领域合作协议,2017-09-06,9月5日，江苏省与宁夏回族自治区商务、旅游领域战略合作签约仪式在银川举行。江苏省副省长陈震宁、自治区副主席王和山出席签约仪式。。签约仪式上，江苏省商务厅与自治区商务厅签署《商务重点领域合作协议》。江苏省旅游局与自治区旅游发展委员会签署《旅游战略合作协议》。。今年2月，自治区党政代表团到江苏学习考察，两省区签署了《重点领域合作会谈纪要》，在农业、工业、服务业、对外开放、人才交流和社会事业等领域达成一系列合作共识。此次签约是落实《重点领域合作会谈纪要》的具体举措，双方将在商贸流通、旅游产业、对外开放等方面展开更深层次的合作，促进相关产业发展，造福两省区群众。,政府领导到其他城市考察学习或访问,0.0,True
宁夏回族自治区,江苏宁夏经济社会发展情况交流座谈会在南京召开信长星梁言顺讲话许昆林张雨浦张义珍陈雍出席,2023-03-31,江苏·宁夏经济社会发展情况交流座谈会在南京召开<br>信长星梁言顺讲话 许昆林张雨浦张义珍陈雍出席- 宁夏。江苏·宁夏经济社会发展情况交流座谈会在南京召开 信长星梁言顺讲话 许昆林张雨浦张义珍陈雍出席。3月30日，在结束上海、浙江学习考察后，宁夏党政代表团来到江苏，在南京举行江苏·宁夏经济社会发展情况交流座谈会，共叙两地深厚情谊，共商合作发展大计，在促进东西部协同发展中深化交流、互利共赢。江苏省委书记、省人大常委会主任信长星主持会议并讲话，自治区党委书记、人大常委会主任梁言顺出席会议并讲话。江苏省委副书记、省长许昆林，自治区党委副书记、自治区主席张雨浦分别介绍两省区经济社会发展情况。江苏省政协主席张义珍、自治区政协主席陈雍出席会议。。信长星代表江苏省委、省政府对宁夏回族自治区党政代表团的到来表示欢迎，向宁夏长期以来给予江苏发展的支持帮助表示感谢。他说，在烟花三月的最美时节，大家从“塞上江南”来到“诗画江南”，考察指导、传经送宝，必将推动两地战略合作走向深入。今年是宁夏回族自治区成立65周年，65年来宁夏发生深刻而巨大的变化，各项事业取得历史性成就。特别是进入新时代，塞上儿女牢记习近平总书记殷殷嘱托，艰苦奋斗、真抓实干，实现了经济繁荣、民族团结、环境优美、人民富裕，书写了非凡十年的“宁夏答卷”。宁夏广大干部群众坚定实施创新驱动发展战略的壮志豪情、坚决保护好中华民族母亲河的赤子真情、携手推进东西部协作的山海深情、像石榴籽一样紧紧抱在一起的手足浓情，让我们深受感动、深感敬佩。。信长星说，当前，江苏正深入学习贯彻总书记重要讲话精神，特别是结合党中央开展主题教育和大兴调查研究的部署，一项一项工作抓落实、见成效，奋力推动高质量发展继续走在前列。江苏与宁夏虽相隔千里，但情谊深厚，交往源远流长，特别是产业互补性强、对外开放合作机遇多、开展东西部协作空间大。迈上新征程，希望双方携手深化产业全方位合作，携手推动共建“一带一路”走深走实，携手创造人民群众的高品质生活，让江苏更多的茉莉花“花开塞上”、宁夏更多的马兰花“香溢江南”，以互利共赢合作的新成果为全国大局作出新的更大贡献。。梁言顺代表自治区党委、政府和宁夏人民对江苏省委、省政府和江苏人民多年来的支持帮助表示感谢。他说，江苏宁夏两省区经济合作和人员交往十分频繁，结下了深厚情谊。改革开放特别是新时代10年来，江苏坚持把习近平总书记对江苏的重要讲话精神作为一切工作的主题，争当表率、争做示范、走在前列，把“强富美高”新江苏的“大写意”一笔一笔变成了美好画卷。我们要认真学习江苏牢记嘱托、担当使命的政治站位，筑牢实体经济、推动高质量发展的战略定力，深化改革开放、实施创新驱动发展战略的硬核举措，坚持生态优先、绿色低碳发展的转型理念，结合实际转化运用到现代化美丽新宁夏建设的实践中。。梁言顺说，宁夏是祖国西部的一块宝地，在习近平总书记和党中央的关心下，与全国同步建成全面小康社会，阔步迈入全面建设社会主义现代化新征程，塞上江南越来越美，孕育着新的希望。江苏宁夏两省区肩负着全面推进中国式现代化的共同历史使命，发展有很大契合度，深化交流合作空间广阔。我们将共同落实总书记和党中央关于深化区域协调发展、加强新时代东西部协作的战略部署，进一步加强与江苏的产业合作，吸引更多江苏企业到宁夏投资发展；进一步加强与江苏的创新合作，促进更多创新资源、创新要素向宁夏流动；进一步加强与江苏的开放合作，不断提升宁夏外向型经济发展水平，以江苏宁夏合作的新成果为构建新发展格局作出新贡献。,政府领导到其他城市考察学习或访问,0.8934089151937362,True
宁夏回族自治区,习近平在海南考察解放思想开拓创新团结奋斗攻坚克难加快建设具有世界影响力的中国特色自由贸易港,2022-04-14,习近平在海南考察：解放思想开拓创新团结奋斗攻坚克难<br>加快建设具有世界影响力的中国特色自由贸易港- 宁夏。习近平在海南考察：解放思想开拓创新团结奋斗攻坚克难 加快建设具有世界影响力的中国特色自由贸易港。新华社海口4月13日电 中共中央总书记、国家主席、中央军委主席习近平近日在海南考察时强调，要坚决贯彻党中央决策部署，坚持稳中求进工作总基调，完整、准确、全面贯彻新发展理念，全面深化改革开放，坚持创新驱动发展，统筹疫情防控和经济社会发展，统筹发展和安全，解放思想、开拓创新，团结奋斗、攻坚克难，加快建设具有世界影响力的中国特色自由贸易港，让海南成为新时代中国改革开放的示范，以实际行动迎接党的二十大胜利召开。。4月10日至13日，习近平在海南省委书记沈晓明、省长冯飞陪同下，先后来到三亚、五指山、儋州等地，深入科研单位、国家公园、黎族村寨、港口码头等进行调研。。4月10日至13日，中共中央总书记、国家主席、中央军委主席习近平在海南考察。这是10日下午，习近平在位于三亚市崖州湾科技城的崖州湾种子实验室考察。新华社记者 李学仁 摄。10日下午，习近平首先来到位于三亚市崖州湾科技城的崖州湾种子实验室考察调研。习近平听取了科技城规划建设和实验室总体情况介绍，察看了实验室搭建平台支持种业创新成果展示，对海南省探索农业科技创新模式、支撑保障国家粮食安全的做法表示肯定。习近平先后走进大型仪器公共服务中心、精准分子设计育种中心，同科研人员深入交流。习近平指出，中国人的饭碗要牢牢端在自己手中，就必须把种子牢牢攥在自己手里。要围绕保障粮食安全和重要农产品供给集中攻关，实现种业科技自立自强、种源自主可控，用中国种子保障中国粮食安全。要继承和发扬老一辈农业科研工作者胸怀祖国、服务人民的优秀品质，拿出十年磨一剑的劲头，勇攀农业科技高峰。。随后，习近平来到中国海洋大学三亚海洋研究院，了解海洋观测设备与信息服务系统研发应用情况，连线“深海一号”作业平台。前方工作人员向总书记汇报了一线工作情况。习近平向他们表示诚挚问候，嘱咐他们注意安全、保重身体。习近平强调，建设海洋强国是实现中华民族伟大复兴的重大战略任务。要推动海洋科技实现高水平自立自强，加强原创性、引领性科技攻关，把装备制造牢牢抓在自己手里，努力用我们自己的装备开发油气资源，提高能源自给率，保障国家能源安全。。考察途中，习近平下车察看沿海生态环境保护工作，并为他在12年前种下的一棵不老松施肥浇水。习近平叮嘱当地负责同志加强陆海统筹，把生态保护工作作为一项重要任务抓紧抓好。。海南省于2011年4月20日试点实行离岛免税政策。11日上午，习近平来到三亚国际免税城，实地了解离岛免税政策落地实施等情况。习近平指出，要更好发挥消费对经济发展的基础性作用，依托国内超大规模市场优势，营造良好市场环境和法治环境，以诚信经营、优质服务吸引消费者，为建设中国特色自由贸易港作出更大贡献。。11日下午，习近平到海南岛中南部的五指山市考察调研。海南热带雨林国家公园是我国首批5个国家公园之一。习近平深入五指山片区，沿木栈道步行察看公园生态环境，不时停下脚步，询问树木生长、水源涵养、动植物资源保护等情况。他指出，海南要坚持生态立省不动摇，把生态文明建设作为重中之重，对热带雨林实行严格保护，实现生态保护、绿色发展、民生改善相统一，向世界展示中国国家公园建设和生物多样性保护的丰硕成果。,政府领导到其他城市考察学习或访问,0.0,True
宁夏回族自治区,自治区党委常委会召开会议研究当前经济工作以百米冲刺的状态持续奋战二季度确保上半年实现双过半梁言顺主持并讲话,2022-06-19,自治区党委常委会召开会议研究当前经济工作<br>以“百米冲刺”的状态持续奋战二季度<br>确保上半年实现“双过半”<br>梁言顺主持并讲话- 宁夏。自治区党委常委会召开会议研究当前经济工作 以“百米冲刺”的状态持续奋战二季度 确保上半年实现“双过半” 梁言顺主持并讲话。6月18日下午，自治区党委常委会召开会议，学习习近平总书记在中央政治局会议审议《关于十九届中央第八轮巡视金融单位整改进展情况的报告》、在四川省考察时的重要讲话和致《大公报》创刊120周年贺信精神，听取自治区政府党组1—5月全区经济运行情况汇报，研究部署下一步经济工作。自治区党委书记梁言顺主持会议并讲话，强调要深入学习贯彻习近平总书记关于做好当前经济工作的重要指示精神，坚定大抓发展、抓大发展、抓高质量发展的信心和决心，以“百米冲刺”的状态持续奋战二季度，确保上半年时间过半、任务过半，为全国稳住经济大盘作出宁夏贡献。。会议指出，要深入学习贯彻习近平总书记在中央政治局会议上的重要讲话精神，加强党对金融工作的领导，突出金融工作的政治性和人民性，对照中央巡视金融单位反映出的普遍性问题，举一反三深入查找我区金融领域存在的突出问题，压实主体责任和监督责任，建立常态化长效化机制，有效防范化解金融风险隐患，引导金融机构主动服务先行区建设，促进经济和金融良性循环、健康发展。。要深入学习贯彻总书记在四川考察时的重要讲话精神，结合宁夏实际，统筹抓好生态环境保护、高校毕业生就业、企业自主创新、疫情防控等工作，坚决扛起防灾救灾重大政治责任，提前做好各项应急准备，全面提高灾害防御能力，切实保障人民群众生命财产安全。。会议指出，1—5月全区经济运行增速继续保持、质量稳步提升、预期逐步向好，呈现总体平稳、稳中向好态势，但与实现上半年“双过半”、完成全年增长目标相比还有不小差距。。我们要按照总书记“疫情要防住、经济要稳住、发展要安全”的重要指示精神，尽可能把困难估计得更充分一些、把存在问题分析得更透彻一些，做好更充分的应对准备，采取超常规举措，确保经济平稳健康发展、实现全年目标。。●要在精准落实稳增长政策举措上下功夫，根据形势变化，加强政策储备，适时出台新的更大力度的应对政策，及时调整、完善、优化现有政策，推动各项政策快落实、真落实，不折不扣、精准滴灌到企业，防止出现中转、滞留、悬空现象。。●要在巩固稳中有进良好态势上下功夫，以更大力度稳住工业，抢抓机遇扩大有效投资，扎实抓好稳就业保民生的工作，全力保障困难群体的生活生计，托住民生网底，以民生稳保障经济稳。。●要在补齐经济运行短板弱项上下功夫，打破常规思维，深入研究提振消费的政策举措，切实解决企业生产成本上升、中小微企业经营压力较大、能源保供等问题。。会议强调，经济工作来不得半点虚的，实现上半年“双过半”、实现全年目标，各级领导干部要当实干家、真把式，书记、市长一起抓，摒弃按部就班的做法，拿出“晚睡早起”的劲头、“百米冲刺”的状态，提高效率、真抓实抓，严禁造假作假，严禁违规操作，真正把稳经济、保增长、促发展各项工作抓到底、落到位。。要把发展和安全两手齐抓，时常“敲黑板”提醒，压实市县、部门、企业各方责任，加强暗访督查调研，实行问责前移，穷尽风险隐患，为抓发展营造安全环境。,其他,0.7848739315982393,True
宁夏回族自治区,湖南省代表团在宁夏考察毛伟明率团陈润儿咸辉参加,2021-05-24,5月22日至23日，湖南省委副书记、省长毛伟明带领湖南省代表团在宁夏考察。考察期间，代表团深入银川经济技术开发区、贺兰山东麓葡萄园、宁东能源化工基地，实地了解宁夏的资源禀赋、产业布局、发展后劲，挖掘契合点、寻找互补点，推动两省区务实合作。自治区党委书记、人大常委会主任陈润儿，自治区党委副书记、自治区主席咸辉分别参加考察。。实现碳达峰碳中和是中国向世界作出的庄严承诺，习近平总书记高度重视，在多次讲话中对实现“双碳”目标提出明确要求。宁夏充分发挥自身资源优势，将清洁能源作为九个重点产业之一全力推进。目前，银川经济技术开发区聚集了包括隆基乐叶、天津中环、小牛自动化在内的一批国内光伏龙头企业，光伏制造全产业发展格局初现端倪。“寻找”绿色新能源，也是目前湖南省发展的“刚需”。代表团来到位于银川经济技术开发区的隆基乐叶科技公司，听取情况介绍、观看产品展示，了解企业发展历程、现状及未来规划。陈润儿向代表团详细介绍了宁夏清洁能源产业发展的全链条规划和集群化方向。毛伟明表示，宁夏抢抓碳达峰碳中和带来的发展机遇，抓技术制高点、走发展创新路，光伏产业发展特色鲜明、后劲强大、前景广阔，从谋划到落实的一系列做法值得湖南省学习和借鉴。。位于贺兰山东麓的志辉源石葡萄酒庄，风格古朴，环境清雅，连片的葡萄藤在风中翻涌成翠色的海洋。去年6月9日，习近平总书记亲临这里视察，强调宁夏要把发展葡萄酒产业同加强黄河滩区治理、加强生态恢复结合起来，提高技术水平，增加文化内涵，加强宣传推介，打造自己的知名品牌，提高附加值和综合效益。在酒庄，代表团成员听取宁夏葡萄酒产业发展规划介绍，沿着各生产环节追寻从一颗好葡萄到一杯沉淀岁月芳华的葡萄酒的酿造过程。“生态+产业模式将生态价值与经济价值的叠加效应发挥了出来，践行了‘绿水青山就是金山银山’的理念！”“一杯好酒，就是一条完整的产业链！”……代表团成员表示，宁夏葡萄酒产业发展集葡萄酒加工、生态旅游、会议服务及销售为一体，是农业一二三产融合发展的样板。。行走在宝丰能源集团农光一体化项目基地，数百万块太阳能光伏板向阳而立、蔚为壮观，光伏板下枸杞、苜蓿等农作物郁郁葱葱、长势喜人。代表团成员为企业立体式整合、多层次利用资源的做法点赞。在位于宁东能源化工基地的宝丰能源集团循环经济产业项目区，代表团了解到该项目通过太阳能产生“绿电”，制取“绿氢”“绿氧”，直供化工系统，生产高端化工产品，从而实现资源内部循环利用。大家表示，自治区党委和政府立足资源禀赋，科学谋划清洁能源及相关配套产业的做法符合国家战略需求、切合宁夏发展实际，宁夏企业探索利用清洁能源替代化石能源实现“碳中和”的路径清晰可行、前景值得期待。。一路上，代表团成员看发展、看变化、看信心，纷纷为自治区党委和政府贯彻落实习近平总书记视察宁夏重要讲话精神，大力建设黄河流域生态保护和高质量发展先行区的全局谋划、全力推动及取得的成绩表示赞赏，认为宁夏谋得准、抓得实、落得快，生态建设可圈可点，产业发展大有可为。大家表示，这次考察迎着合作来、带着收获回、奔向未来去，将瞄准双方在资源能源方面的互补性，加强沟通对接、推动交流合作，努力在构建新发展格局中作出应有贡献。。自治区领导赵永清、张柱、吴秀章、陈春平，湖南省委常委、常务副省长谢建辉等参加。（宁夏日报记者 马晓芳 姜璐）,政府领导到其他城市考察学习或访问,0.5230768075493393,True
宁夏回族自治区,年宁夏品质中国行福州站活动启幕,2022-07-12,7月11日，2022年宁夏品质中国行（福州站）活动在福州海峡国际会展中心启幕。自治区副主席王道席、福建省副省长康涛出席启幕仪式并致辞。。活动现场，自治区农业农村厅、文化和旅游厅负责同志作主推介。以宁夏“六特”产业为主的240家企业通过展示展销、美食品鉴、宣传推介等活动，唱响“这是宁夏的好东西”“宁品出塞 闽品西行”，持续扩大宁夏特色优质农产品品牌影响力和核心竞争力。。作为宁夏党政代表团赴福建考察学习的一项内容，宁夏品质中国行福州站活动重点展示了宁夏“六特”产业和文旅产业新发展、新成果，宣传宁夏特色优质农产品品牌新面貌、新气象。为积极寻求合作商机，推进互惠共赢发展，两省区领导为20家在闽宁夏名优特色农产品外销窗口品牌店授牌，让更多的宁夏好产品走进福建消费市场、走进寻常百姓家。。近年来，闽宁两省区不断拓宽协作领域，持续深化农业投资，开展农产品宣传推介，加强农业技术培训交流，取得丰硕成果。截至目前，宁夏在福建省建成宁夏名优特色农产品外销窗口近200家，创新举办“闽宁特产线上行”等活动，为今后双方持续开展更加全面、更深层次、更广领域务实合作奠定了坚实的基础。,政府领导到其他城市考察学习或访问,0.9042541817412874,True
宁夏回族自治区,宁夏品质中国行上海站活动在沪启幕,2023-03-28,3月26日，2023年宁夏品质中国行（上海站）活动在上海启幕。自治区党委常委、常务副主席陈春平，上海市副市长华源出席启幕仪式并分别致辞。。活动现场，自治区农业农村厅、自治区文化和旅游厅、宁夏贺兰山东麓葡萄酒产业园区管委会负责同志分别做了主题推介。来自宁夏的150家企业通过展示展销、美食品鉴、宣传推介等活动，使“这是宁夏的好东西”出“宁”入“沪”，提升了宁夏“六特”产业的品牌影响力和核心竞争力。。作为宁夏党政代表团赴上海考察学习的一项内容，两省区领导还为18家在上海的宁夏名优特色农产品品牌店授牌，聘请国际国内知名人士担任宁夏品牌农产品国际推广大使。。经过前期广泛深入的洽谈对接，沪宁两地有关部门及单位达成战略合作协议7项，促成与江浙沪地区合作项目48个，签约金额41.4亿元。。2021年，宁夏品质中国行踏上征程，把贺兰山东麓葡萄酒、宁夏枸杞、牛奶、肉牛、滩羊、冷凉蔬菜等“宁夏的好东西”分享到全国各地。过去两年，宁夏品质中国行跨越13站，奔波6万余公里，总签约和销售额达270亿元。宁夏的好东西、好品牌，在长三角、珠三角、粤港澳大湾区、京津冀等各大城市圈受到持续关注。（记者 乔素华）,政府领导到其他城市考察学习或访问,0.9318559762788328,True
宁夏回族自治区,习近平总书记和宁夏的故事,2024-06-20,19日下午，习近平总书记在宁夏回族自治区考察调研。他来到银川市金凤区长城花园社区，了解社区发挥基层党组织作用、优化便民惠民服务、推动各族群众交往交流交融等情况。新华社《学习进行时》推出文章，一起了解总书记和宁夏的故事。。党的十八大以来，习近平总书记曾在2016年和2020年两次到宁夏考察，寄语各族人民建设经济繁荣、民族团结、环境优美、人民富裕的美丽新宁夏。。宁夏北部得黄河水之利，地势平坦，河渠纵横，有“塞上江南”的美誉。但是，南部黄土丘陵区沟壑林立，阴湿高寒。这里的西吉、海原、固原统称西海固，和甘肃河西、定西，并称“三西”，自古“苦瘠甲天下”。。上世纪90年代，中央确定福建对口帮扶宁夏。1997年，时任福建省委副书记的习近平带队去宁夏考察，第一次来到西海固。。那时候，乡亲们有的住窑洞，家里什么值钱的东西也没有，有的一家人才两三条裤子。有一户，习近平在他们家转了一圈，最后看到窑洞顶上吊了一捆发菜，就这么个值钱的东西。他家里有点粮食，但不够吃，一点水是从很远的地方挑来的，因为没水洗，人身上都脏乎乎的。。谈到那次西海固之行，习近平说，穷地方我见过也住过，但到了上世纪90年代，改革开放好多年了，仍有那么穷、那么苦的地方，我心里受到了很大冲击。。习近平表示，一定要响应中央号召，搞好对口扶贫工作。福建成立闽宁协作领导小组，习近平担任组长，专门抓这个事情。。习近平跟宁夏的同志一起采取了一个大动作，就是移民吊庄。“吊庄”是宁夏的词，意思是把这个村从那儿吊到这儿。当时从西海固搬迁了几千户到银川附近。习近平亲自命名“闽宁村”：“闽宁村现在是个干沙滩，将来会是一个金沙滩。”。这是2022年9月7日拍摄的宁夏银川市闽宁镇（无人机照片）。新华社记者 冯开华 摄。总书记先是乘车绕着小镇转了一圈，看看新村新貌——红瓦白墙，小楼鳞次栉比。一位干部回忆说，总书记一路都在问老百姓的收入、上学、就医情况，问村里基础设施配套。。来到乡亲们中间，总书记触景生情。他对乡亲们说，20年来，闽宁村发展成了闽宁镇，你们的收入也从当年的人均500元增加到现在的1万多元，将近20倍。看到你们开始过上好日子，脸上洋溢着幸福，我感到很欣慰。。从西吉县移民到闽宁镇的谢兴昌激动地告诉总书记，一家人搬迁后这么多年，感到天天都在发生新变化，要说共产党的恩情三天三夜也说不完。。习近平总书记回应谢兴昌说，在我们的社会主义大家庭里，就是要让老百姓时时感受到党和政府的温暖。。这次考察期间，习近平总书记在银川主持召开东西部扶贫协作座谈会。总书记强调，东西部扶贫协作和对口支援，是推动区域协调发展、协同发展、共同发展的大战略，是加强区域合作、优化产业布局、拓展对内对外开放新空间的大布局，是实现先富帮后富、最终实现共同富裕目标的大举措。“东西部扶贫协作和对口支援必须长期坚持下去。”。宁夏吴忠市利通区有一个金花园社区，曾荣获“全国民族团结进步模范集体”称号。这个社区常住居民一万多人，其中近一半是少数民族群众，大家在一起和睦相处。。2020年6月，习近平总书记在宁夏考察时来到这个社区，了解社区党建工作、民族团结社区创建和为民服务工作情况，同社区志愿者代表亲切交谈。。在宁夏吴忠市利通区裕西社区，年逾古稀的王兰花（左二）与志愿服务队成员一起讨论裕西社区志愿服务工作安排（2020年6月23日摄）。新华社记者 贾浩成 摄。志愿者王兰花是一名回族老党员老模范，与共和国同龄。见到总书记，王兰花激动地说：“2016年您来宁夏调研，您讲的一句话我念念不忘，‘社会主义是干出来的’。国家发展到今天不容易，是一步一步干出来的。”,政府领导到其他城市考察学习或访问,0.5352871621141282,True
宁夏回族自治区,浙江宁夏在杭州举行交流座谈会并签署深化合作框架协议易炼红梁言顺讲话王浩张雨浦出席,2023-03-30,浙江宁夏在杭州举行交流座谈会并签署深化合作框架协议<br>易炼红梁言顺讲话 王浩张雨浦出席- 宁夏。浙江宁夏在杭州举行交流座谈会并签署深化合作框架协议 易炼红梁言顺讲话 王浩张雨浦出席。美丽的西子湖畔，“塞上江南”与“诗画江南”携手奋进新征程、再谱合作新篇章。3月29日，浙江宁夏两省区在杭州举行经济社会发展情况交流座谈会，并签署《深化合作框架协议》。浙江省委书记、省人大常委会主任易炼红主持会议并讲话，自治区党委书记、人大常委会主任梁言顺出席会议并讲话。浙江省委副书记、省长王浩，自治区党委副书记、自治区主席张雨浦分别介绍两省区经济社会发展情况，共同签署协议。。易炼红代表浙江省委、省政府和全省人民对宁夏党政代表团的到来表示欢迎，并向宁夏长期以来给予浙江改革发展的大力支持帮助表示感谢。他说，这些年来宁夏经济社会发展取得了巨大成就，我们要认真学习宁夏坚决有力贯彻落实习近平总书记重要讲话重要指示精神的站位和格局，坚毅执着大抓发展、抓大发展、抓高质量发展的力度和速度，坚持不懈抓好黄河大保护大治理、加快推进黄河流域生态保护和高质量发展先行区建设的思路和举措，坚定不移推进民族团结、促进宗教和顺的担当和作为，坚韧不拔巩固拓展脱贫攻坚成果、增进人民福祉的精神和境界。。易炼红说，当前，浙江正坚定不移沿着习近平总书记指引的道路奋勇前进，一以贯之续写“八八战略”这篇大文章，强力推进创新深化改革攻坚开放提升，奋力谱写中国式现代化浙江篇章，需要加强与宁夏等兄弟省区市交流合作。希望以此次考察交流特别是签署协议为契机，在新时代新征程上续写浙宁一家亲、共促现代化的崭新篇章。以更高站位健全交流机制，进一步深化多层次、多渠道、多形式的往来互动；以更实举措深化产业合作，重点围绕能源、农业、数字经济、科技等领域实现优势互补、互利共赢；以更大力度促进贸易投资，共同促进开放平台对接、旅游文化消费、扩大有效投资，携手走好高质量发展之路。。梁言顺代表宁夏人民对浙江省委省政府的真情实意、浙江人民的真情投入表示衷心感谢。他说，浙江是中国革命红船起航地、习近平新时代中国特色社会主义思想重要萌发地、改革开放先行地。新时代10年来，浙江按照习近平总书记确定的“八八战略”，干在实处、走在前列、勇立潮头，在推动高质量发展、践行“两山”理念、建设共同富裕示范区上作出了示范、树立了榜样，充分彰显了习近平新时代中国特色社会主义思想的强大真理力量。我们将坚持“总书记怎么说、我们就怎么做”，虚心向浙江学习“取经”，担当好先行区建设使命任务，加快建设社会主义现代化美丽新宁夏。。梁言顺说，习近平总书记对宁夏很有感情、给予亲切关怀。宁夏是祖国西部的一块宝地，有独特的沙、水、景等自然风光、产业特色和人文优势。党的十八大以来，宁夏经济社会发展取得长足进步，塞上江南越来越美，孕育着新的希望。浙宁两省区经济发展具有很强的互补性，相互间开展交流合作前景广阔。我们将坚决贯彻落实总书记和党中央关于深化区域协调发展、加强新时代东西部协作重大战略，进一步加强与浙江在产业发展、科技创新、对外开放、人才交流等领域的合作，助力宁夏加快高质量发展步伐，共同谱写新时代浙宁合作新篇章。。根据协议，浙宁两地着眼促进观念互通、思路互动、产业互补、技术互学、作风互鉴，在战略对接、数字经济、绿色能源、现代产业、科技创新、扩大内需、开放提升、文化旅游等12个领域，开展更深层次、更高水平交流合作，实现互利共赢、协同发展。。当天在杭州举办了宁夏品质中国行杭州站活动，向浙江人民集中展示宁夏文化旅游、特色农产品的“美”“优”“好”。,其他,0.5068176726550722,True
宁夏回族自治区,福建省党政代表团在宁夏考察志合者不以山海为远闽宁携手打造东西协作新样板,2022-09-04,福建省党政代表团在宁夏考察<br>志合者不以山海为远 闽宁携手打造东西协作新样板- 宁夏。9月3日至4日，福建省委书记、省人大常委会主任尹力，福建省委副书记、省长赵龙率领福建省党政代表团在宁夏考察，畅叙兄弟深情，共谋合作新篇。自治区党委书记、人大常委会主任梁言顺，自治区党委副书记、自治区主席张雨浦陪同考察。。金秋时节，贺兰山下果园成，闽宁镇里葡萄香。每次来宁夏，福建省党政代表团都心心念念要到闽宁镇，看看发展变化、瞧瞧父老乡亲，感悟习近平总书记情系西部、一心为民的博大情怀。近年来，宁夏晓鸣农牧公司随着闽宁镇的快速发展而声名鹊起，全国老百姓的餐桌上每10枚鸡蛋中就有1枚来自晓鸣公司所销售的雏鸡。代表团一行走进企业，了解蛋鸡养殖技术及助农增收情况，为闽宁镇能培育出这样的科技型企业感到高兴，鼓励企业不断扩大规模带动更多农户增收，“建议把闽宁的好资源和科技结合起来，把企业建设成生产场地、旅游场地、科普场地，把闽宁镇这块风水宝地打造成技术高地、发展福地。”。贺兰县稻渔空间乡村生态观光园是2020年6月习近平总书记在宁夏视察过的地方。代表团一行观看总书记视察时的影像资料，重温总书记的重要指示精神，走进田间地头，一路“望、闻、问、切”，了解一水多用、鱼蟹共生、三产融合的立体种养模式和发展路径，参观非遗展示，感受生生不息的黄河文化魅力。“这里有植物的草香，有稻米的清香，有限土地创造了无限价值！”“天下黄河富宁夏，黄河给了宁夏取之不竭、用之不尽的滋养！”大家对“塞上江南”的丰饶赞不绝口，表示将搭建更多平台、介绍更多企业来宁发展，同时也将开辟更多通道，让宁夏优质农产品通过“福建通道”走上沿海百姓餐桌、走向更广阔的国际市场。。从位于贺兰县的老牌福建籍企业麦尔乐食品公司，到银川经开区里全球领先单体最大的中环50GW（G12）太阳能级单晶硅材料智慧工厂，再到被誉为“超级云”的中国联通宁夏分公司“闽宁云”大数据项目，代表团一路看传统产业的创新发展，看新材料产业的蓬勃生机，看数字产业的欣欣向荣，感受宁夏发展的强劲脉搏，纷纷感慨从不同产业的发展势头中看到了宁夏大抓发展、抓大发展、抓高质量发展的信心决心、潜力空间，看到了宁夏干部群众团结奋斗、苦干实干的精气神，“把自然的‘无限好风光’变成经济发展的‘风光无限好’，宁夏立足资源优势，四两拨千斤发展新能源新材料产业的做法值得学习。”“一年不见，刮目相看，我们由衷为宁夏发展取得的新成绩感到振奋。”。志合越山海，同心同向行。在宁期间，福建省党政代表团行程满满，既看民生改善，也看经济发展，还看望了第12批援宁工作队全体成员和援宁人才、在宁闽商代表，鼓励大家牢记总书记的殷殷嘱托，扎根宁夏、服务宁夏、奉献宁夏，竭尽所能推动两地产业互补、企业互联、发展互惠，在新征程上携手并肩谱写共同富裕的新版《山海情》，打造东西协作新样板。。福建省领导罗东川、李仰哲、邢善萍、吴偕林、郑建闽、黄海昆、王光远，厦门大学党委书记张荣，自治区领导陈雍、雷东生、石岱、赵旭辉、王和山参加考察。（记者 马晓芳 姜璐）,政府领导到其他城市考察学习或访问,0.5520797552276792,True
宁夏回族自治区,宁夏党政代表团在福建省福州市考察并召开两省区领导见面会沿着习近平总书记指引的方向坚定前行携手开创闽宁协作新局面,2022-07-12,宁夏党政代表团在福建省福州市考察并召开两省区领导见面会<br>沿着习近平总书记指引的方向坚定前行<br>携手开创闽宁协作新局面- 宁夏。宁夏党政代表团在福建省福州市考察并召开两省区领导见面会 沿着习近平总书记指引的方向坚定前行 携手开创闽宁协作新局面。7月11日，宁夏党政代表团在福建省福州市考察，学习感悟习近平新时代中国特色社会主义思想的深厚伟力，并与福建省召开党政领导见面会，深入贯彻落实习近平总书记关于深化闽宁协作的重要指示精神，共话闽宁山海深情，携手开创闽宁协作新局面，共同奋进社会主义现代化建设新征程。福建省委书记、人大常委会主任尹力，自治区党委书记、人大常委会主任梁言顺，福建省委副书记、省长赵龙，自治区党委副书记、自治区主席张雨浦参加有关活动。。见面会上，尹力代表省委、省政府对代表团来闽表示欢迎，对宁夏经济社会发展成就表示钦佩，并感谢宁夏长期以来给予福建发展的支持。他说，闽宁协作是习近平总书记亲自开创、亲自部署、亲自推动的伟大事业，也让两省区结下了深厚情缘。26年来，闽宁两省区沿着习近平总书记指引的方向，一任接着一任干、一年接着一年抓，开创了东西部扶贫协作的“闽宁模式”，探索出一条促进共同富裕的有效途径，有力推动了民族团结进步事业发展，充分彰显了中国共产党的领导和我国社会主义制度的显著优越性。尹力说，当前，福建深入学习贯彻习近平总书记来闽考察重要讲话精神，充分发挥自身优势，做大做强做优数字经济、海洋经济、绿色经济、文旅经济，加快推动高质量发展。他指出，深化新时代闽宁协作是两省区共同政治任务和责任，具有良好传统和广阔空间，要牢记习近平总书记的殷切嘱托，铸牢中华民族共同体意识，继续携手把闽宁协作事业推向前进。要共同巩固拓展脱贫攻坚成果，扎实推动乡村振兴；共同推动产业优势互补，提升合作发展水平；共同打造品牌拓展市场，推动文化旅游融合发展，续写新时代“山海情”，奋力谱写互帮互助、优势互补、共同发展的新篇章，以实际行动迎接党的二十大胜利召开。。梁言顺对福建长期以来给予宁夏的帮扶支持表示感谢。他说，福建是习近平总书记的“第二故乡”，是习近平新时代中国特色社会主义思想的重要孕育地和实践地。这次福建之行是宁夏新一届党委班子第一次来福建，见到了很多“老朋友”，在“走亲戚”中感受到了闽宁两省区的山海之情。踏上这片总书记满怀深情、寄予厚望的土地，我们更加深切感悟到习近平新时代中国特色社会主义思想蕴含的真理力量和实践伟力，感悟到总书记的政治智慧和政治勇气，更加发自内心敬佩总书记、信赖总书记。这些年，福建省委、省政府坚持以习近平新时代中国特色社会主义思想为指导，坚定担当总书记赋予的“四个更大”重要使命，绘就了“机制活、产业优、百姓富、生态美”的新福建生动画卷。我们要学习福建深入贯彻习近平新时代中国特色社会主义思想的先进经验做法，加快建设美丽新宁夏，奋进社会主义现代化建设新征程。闽宁对口帮扶是总书记在福建工作时带头主抓、亲自谋划、倾力推动的一件大事，26年来福建省把宁夏事当作自家事、把宁夏人当成自家人，帮助宁夏打赢了脱贫攻坚战，与全国同步建成了全面小康社会。我们将与福建携手并肩，在新的起点上推动闽宁协作向更宽领域、更深层次、更高水平迈进。,政府领导到其他城市考察学习或访问,0.0,True
宁夏回族自治区,习近平的山海情,2022-07-25,1997年4月，时任福建省委副书记的习近平，在担任福建省对口帮扶宁夏领导小组组长不久，亲赴西海固进行扶贫考察，为闽宁结亲、山海共融按下“快进键”。。从东海之滨，到西北山塬，习近平跨越2000多公里的“山海情”隽永绵延。25年来，在习近平亲自谋划、亲自推动下，闽宁协作开辟了东西部协作的新机制，走出了变“输血”为“造血”的扶贫路，创造了具有中国特色反贫困治理的成功范例，带动两地干部群众在共同富裕道路上接续奋斗。。盛夏时节，闽宁镇福宁村。村民谢兴昌正在山海小院的直播间里一板一眼地练习着网络直播带货。。这个小院除了直播销售宁夏特色产品外，还有一间闽宁协作成果展示馆。自去年6月免费开放以来，谢兴昌已在这里为近2000人讲述了闽宁镇的发展故事。。“苦瘠甲天下”的西海固，直到上世纪八九十年代，“三日不举火，十年不制衣”还是当地百姓生活的常态。。1997年4月，习近平第一次来到西海固山区，连续多天调研5县。走进西海固老乡冯秀花家的窑洞，习近平深感痛心，他后来回忆说：“我才真正体会到什么叫家徒四壁。一家子既没有桌椅板凳，也没有铺盖。家里唯一的‘财产’是挂在房梁上的一撮发菜，就靠卖这么一点发菜来买油盐酱醋。”。在西海固的调研，让习近平下定决心推进对口帮扶。在银川郊区考察时，习近平对东西部协作共建移民村的做法很感兴趣，提出要“让移民迁得出、稳得住、致得富”。。当时，42岁的谢兴昌刚刚从西海固山沟里“跑出来”，正在苦苦“找出路”。1997年7月15日这一天，在闽宁村奠基仪式上听到习近平的贺信，谢兴昌欣喜万分，返回西吉县动员大山沟里的乡亲们搬迁。。在福建工作期间，习近平先后5次出席闽宁对口扶贫协作联席会议，亲自调研、科学谋划、全力推动，提出的“优势互补、互利互惠、长期协作、共同发展”指导原则，以及“联席推进、结对帮扶、产业带动、互学互助、社会参与”的合作机制，为闽宁协作搭建了四梁八柱。。到中央工作后，习近平又分别在2008年、2016年、2020年三次踏访西海固，为西海固的脱贫和发展倾注了大量心血。。2008年4月8日，时任中共中央政治局常委、国家副主席的习近平在宁夏考察时，来到固原市原州区深沟村调研，鼓励当地要有发展的思路和意识，带动村民富起来。。一席话点醒时任深沟村党支部书记马正刚。此后，他带领村民们成立农机合作社，在周边乡镇承包农田建设工程。十多年过去，如今的深沟村已经变为美丽的深沟社区。后来在宁夏脱贫攻坚中发挥重要作用的村党组织带头人和致富带头人“双带工程”，正源于此。。2016年7月18日至20日，习近平总书记再次来到宁夏，赴闽宁镇考察。这里是19年前他亲自提议福建和宁夏共同建设的生态移民点。年过花甲的谢兴昌见到了习近平总书记，他拉着总书记的手说：“共产党的恩情，三天三夜也说不完。”。“闽宁镇探索出了一条康庄大道，我们要把这个宝贵经验向全国推广。”看到闽宁镇的可喜变化，习近平总书记倍感欣慰。。2020年6月8日至10日，习近平总书记第四次来到宁夏。脱贫攻坚战即将收官，他又开始为宁夏谋划如何走好乡村振兴新征程。。顶着烈日，习近平总书记来到黄河边的稻渔空间乡村生态观光园，沿着田埂走进稻田深处，了解农业合作社带动农民增收致富情况。。“不能把农民土地拿走了，干得红红火火的，却跟农民没关系。要共同致富。”习近平总书记的话语暖到农民的心窝子里。。“总书记时时刻刻惦记着我们农民！”现场聆听习近平总书记讲话的村民孙玉珍热泪盈眶，她家里13亩地流转给观光园，又在观光园打工拿工资，比自己种地的收入多三倍。。在宁夏，有一群福建人被亲切唤作“宁夏菇爷”。国家菌草工程技术研究中心首席科学家林占熺就是其中一位。,其他,0.6771041604917052,True
宁夏回族自治区,推动实施宁电入湘工程共建中西部新能源基地,2021-05-24,5月22日，湘宁两省区在银川召开能源合作座谈交流会，签署《能源合作备忘录》，推动实施“宁电入湘”工程，共建中西部新能源基地。自治区党委书记、人大常委会主任陈润儿，湖南省委副书记、省长毛伟明讲话，自治区党委副书记、自治区主席咸辉主持会议。。陈润儿代表自治区党委和政府对湖南省、国家电网公司长期以来给予宁夏的关心支持表示感谢。他说，湘宁两地虽然山水相隔、千里之遥，但长期以来往来密切、合作频繁，特别是许多湖南企业在宁夏投资布局，成为引领宁夏发展、助推脱贫攻坚不可或缺的力量。这次毛伟明省长一行代表湖南省委、省政府来宁考察座谈，对接推进两省区能源合作，彰显了促进协同发展的政治担当，展示了推动区域合作的宏阔视野，体现了实现“双控”目标的坚定决心。湘宁两省区实施“宁电入湘”工程、共建中西部新能源基地，是两省区立足自身特点促进持续发展之需、推动经济互补实现“双碳”目标之策、发挥各自优势推动合作共赢之举，意义重大、影响深远。。陈润儿对落实好这次座谈交流会商定的合作事项、深化两省区交流合作提出3点希望：一是在推动工程建设上共同按下“快进键”，充分发挥各自优势，做好方案设计、精准招商、建设实施等工作，力争“十四五”中期“宁电”顺利“入湘”。二是在促进经济合作上共同打造“升级版”，按照政府主导、企业主体、市场运作、互利共赢的原则，挖掘契合点、寻找互补点、增加合作点，宁夏将对来宁投资新能源的企业给予优先支持、优惠政策、优化服务。三是在深化交流协作上共同探索“新机制”，推动形成政府定期互访、跨省产业对接、企业投资协作等机制，为两省区合作向更宽领域、更深层次、更高水平发展牵线搭桥、创造条件。。座谈中，毛伟明感谢宁夏长期以来给予湖南发展的支持。他说，近年来，宁夏坚决扛起习近平总书记赋予的时代使命，加快建设黄河流域生态保护和高质量发展先行区，发展态势持续向好，产业转型步伐加快，生态环境持续改善，对外开放加速推进，脱贫攻坚成效显著，值得湖南学习和借鉴。当前湖南发展站在了新的历史起点上，正抢抓习近平总书记考察湖南和新时代中部地区高质量发展的历史机遇，大力实施“三高四新”战略，奋力建设现代化新湖南。此次湖南代表团迎着合作来、带着收获回、奔向未来去，希望两省区以此次签署备忘录为契机，充分发挥各自比较优势，深化在能源、经贸、科技教育、文化旅游和民族团结交流等领域的合作，打造新能源省际合作典范，续写湘宁友好交往新篇章。。会上，湖南省委常委、常务副省长谢建辉和自治区副主席吴秀章分别介绍了“宁电入湘”、中西部共建新能源基地有关情况，并代表湘宁两省区政府签署了《能源合作备忘录》。国家电网公司总经理助理赵庆波讲话。湘投控股、中车株洲、三一重工、五凌电力等企业负责人发言，表达了在宁夏投资发展的信心和设想。,政府领导到其他城市考察学习或访问,0.5976105959094947,True
宁夏回族自治区,习近平在青海考察时强调持续推进青藏高原生态保护和高质量发展奋力谱写中国式现代化青海篇章,2024-06-20,习近平在青海考察时强调：<br>持续推进青藏高原生态保护和高质量发展<br>奋力谱写中国式现代化青海篇章- 宁夏。习近平在青海考察时强调： 持续推进青藏高原生态保护和高质量发展 奋力谱写中国式现代化青海篇章。中共中央总书记、国家主席、中央军委主席习近平近日在青海考察时强调，青海要认真贯彻党中央决策部署，完整准确全面贯彻新发展理念，牢牢把握青海在全国发展大局中的战略定位，充分发挥自身优势，坚持深化改革、扩大开放，坚持生态优先、绿色发展，坚持民族团结、共同富裕，在推进青藏高原生态保护和高质量发展上取得更大进展，奋力谱写中国式现代化青海篇章。。6月18日至19日，习近平在青海省委书记陈刚和省长吴晓军陪同下，深入西宁市的学校、宗教场所等进行调研。。18日下午，习近平首先来到果洛西宁民族中学考察。这是一所隶属于果洛藏族自治州的寄宿制中学，由上海市投资援建。习近平听取上海等东部地区援助青海教育工作和学校建设情况介绍，详细询问学生构成、课程设置、体育锻炼、普通话水平等情况，走进食堂、宿舍楼察看学生就餐和住宿条件，嘱咐食堂工作人员一定要确保学生饮食安全、营养可口。之后，他来到高一（1）班教室，观摩“新时代、新家乡”主题思政课。了解到学校将思政课内容融入日常教学，听了孩子们讲述新时代家乡的可喜变化，看了孩子们的画作，习近平十分高兴。他说，包括教育在内的东西部协作和对口支援取得显著成效，充分彰显了中国共产党领导和中国特色社会主义制度的优势，充分体现了中华民族大家庭的温暖。要把铸牢中华民族共同体意识作为学校思政课的一个重点，讲好中国共产党和中国特色社会主义的故事，讲好新时代以中国式现代化全面推进强国建设、民族复兴伟业的故事，讲好中华民族共同体和民族团结进步的故事，把中华民族共同体意识从小就植入孩子们的心灵。。教学楼前广场上，师生们纷纷围拢过来，高声向总书记问好。习近平亲切地对大家说，我到西宁第一站就来看望老师和同学们。上海援建的这所中学，培养来自果洛牧区的各民族孩子，成效明显，意义深远。希望孩子们倍加珍惜这里的良好条件，心怀感恩、好好学习，德智体美劳全面发展，立志成为中国特色社会主义事业的接班人和建设者，努力为自己赢得人生出彩的机会。他祝孩子们学有所成、健康成长。。随后，习近平来到位于西宁市城中区的宏觉寺。在寺前院落，宏觉寺民主管理委员会负责人向总书记敬献哈达，僧人提香炉、持宝伞迎接总书记。习近平参观青海省民族团结进步教育基地展陈等，了解寺庙历史沿革、老一辈革命家关心推动民族工作和宗教工作的情况。他走进大殿，听取寺庙加强日常管理、促进民族团结进步等情况介绍。习近平指出，宏觉寺这座千年古刹，在增进历代中央政府与藏传佛教联系方面发挥了重要的桥梁纽带作用。要保护好这份珍贵的历史文化遗产，为铸牢中华民族共同体意识、促进民族团结进步作出新贡献。要向老一辈革命家学习，把新时代党的统战工作、民族工作、宗教工作做得更好。习近平强调，以中国式现代化全面推进强国建设、民族复兴伟业，需要全国各族人民包括广大信教群众团结奋斗。希望青海藏传佛教界弘扬爱国爱教优良传统，促进宗教和顺、社会和谐、民族和睦，在中国式现代化进程中发挥积极作用。。19日上午，习近平听取青海省委和省政府工作汇报，对青海各项工作取得的成绩给予肯定。,其他,0.8518209197866821,True
宁夏回族自治区,闽宁两省区领导接见宁夏在闽挂职干部和专业技术人员周祖翼梁言顺赵龙张雨浦庄严一同接见,2023-10-29,闽宁两省区领导接见宁夏在闽挂职干部和专业技术人员<br>周祖翼梁言顺赵龙张雨浦庄严一同接见- 宁夏。闽宁两省区领导接见宁夏在闽挂职干部和专业技术人员 周祖翼梁言顺赵龙张雨浦庄严一同接见。10月28日，宁夏党政代表团在福建学习考察期间，福建省委书记、省人大常委会主任周祖翼，自治区党委书记、人大常委会主任梁言顺，福建省委副书记、省长赵龙，自治区党委副书记、自治区主席张雨浦，自治区党委副书记庄严一同接见了第21批宁夏在闽挂职干部和专业技术人员代表。梁言顺勉励大家当好“排头兵”“金种子”“连心桥”，躬身为桥、接续奋斗，念好新时代“山海经”，永续闽宁“山海情”，在现代化美丽新宁夏建设新征程上再创佳绩。。梁言顺代表自治区党委和政府，对福建省委省政府和各级各部门给予宁夏在闽挂职干部和专业技术人员的关心关照关怀表示衷心感谢。他说，两年来大家牢记习近平总书记殷切嘱托，珍惜难得机遇和宝贵平台，自觉融入福建、投身福建，在蓬勃强劲的发展浪潮中求取真经、学有所成，理念受到了熏陶升华，眼界、学识、能力得到了明显提升，在闽宁两省区深化合作、共赢发展中展现了新担当。。梁言顺强调，现在第21批在闽挂职干部和专业技术人员即将返宁，希望大家当好“排头兵”，在各自岗位上走在前、作表率，把在福建的所学所获运用到工作中，以饱满热情投身创新发展、高质量发展的火热实践。希望大家当好“金种子”，见证山海情、承载新使命，把福建深学争优、敢为争先、实干争效的精神风貌和“爱拼会赢、敢为人先”的气魄毅力带回宁夏，为宁夏实现“三十年河东、三十年河西”的历史转变作出贡献。希望大家当好“连心桥”，积极牵线搭桥，促进塞上江南和八闽大地在经贸、文化、旅游、教育、医疗等方面密切合作，共同念好新时代“山海经”，携手打造闽宁协作“升级版”。。梁言顺还给第21批在闽挂职干部和专业技术人员布置了一个“作业”，在善始善终完成好福建省委省政府交办各项任务的基础上，把两年来学习锻炼的感悟、收获特别是规律性认识总结好，可长可短、可大可小，形成一些有借鉴意义、指导意义的思想成果。。2021年10月以来，宁夏第21批赴闽挂职干部积极投身闽宁协作、奋力担当作为，立足闽宁两省区资源优势，加强产业合作、项目对接，引进20多家闽企在宁投资置业，推动闽宁产业园投资项目落地1亿多元，推广销售宁夏农特产品3亿多元，为闽宁两省区合作共赢发挥了桥梁纽带作用，圆满完成了挂职任务。（记者 马晓芳 姜璐）,其他,0.655215580531189,True
宁夏回族自治区,广东宁夏经贸合作暨企业家座谈会在深圳召开,2021-04-13,4月11日下午，广东·宁夏经贸合作暨企业家座谈会在深圳召开，并举行集中签约仪式。自治区党委副书记、自治区主席咸辉，广东省委常委、常务副省长林克庆出席讲话并见证签约。。座谈会上，咸辉说，这次自治区经贸考察团到广东省，学习经验做法，对接重点项目，拓展合作空间，为宁粤两省区高质量发展注入新动能。一路看一路听一路想，广东改革开放的大气魄、高质量发展的大作为、政府服务的大智慧、企业创新的大手笔，让我们很受启发、很有收获。展望未来，宁粤合作前景广阔，充满机遇。。咸辉对广大企业家提出四点希望：一是依托宁夏产品和广东市场优势，助推现代农业合作实现新突破，让更多“宁字号”农产品消费走进广东、走向全国大市场；二是依托宁夏产业和广东科技优势，助推重点产业合作实现新突破，推动跨区域创新链和产业链深度融合；三是依托宁夏资源和广东品牌优势，助推文化旅游合作实现新突破，实现资源互补、信息互通、客源互送；四是依托宁夏平台和广东开放优势，抓住共建“一带一路”重大机遇，依托中阿博览会等重要平台，推动国内外市场拓展实现新突破，共同为粤港澳大湾区与黄河流域生态保护和高质量发展先行区建设贡献力量。咸辉说，宁夏是祖国西部的一块宝地，潜力无限、希望无限、商机无限，热忱欢迎各位企业家来宁投资创业、建功立业。我们将以一流的营商环境、一流的要素保障、一流的贴心服务，让企业家们在宁夏投资放心、创业安心、发展顺心、生活舒心。。林克庆首先向达成合作成果的企业家朋友表示祝贺。他说，广东与宁夏虽然分处一南一北，但交流十分紧密、合作成果丰硕。在进入新发展阶段、贯彻新发展理念、构建新发展格局的大背景下，粤港澳大湾区和深圳先行示范区建设、黄河流域生态保护和高质量发展等国家重大战略的实施，为广东与宁夏的合作带来了前所未有的机遇。广东将不遗余力深化与宁夏的投资合作，拓展与宁夏的经贸联系，携手参与共建“一带一路”，畅通国内国际双循环，积极服务和融入新发展格局。希望双方企业以此次签约活动为契机，互利互信、务实合作，在广东和宁夏做大做强、行稳致远。。集中签约仪式上，31个项目现场签约，其中投资类项目21个，主要涉及新型材料、电子信息、清洁能源、绿色食品和现代服务业等产业；贸易类项目10个，主要涉及有机蔬菜、葡萄酒和牛羊肉销售等。。自治区副主席赖蛟介绍宁夏经济社会和重点产业发展情况，并代表自治区政府与顺丰控股签订战略合作协议。会议播放了《宁夏招商引资宣传片》。顺丰集团、华润电力控股有限公司、华为集团等8家企业代表交流发言。深圳健康产业发展促进会、中日经济友好协会、深圳宁夏商会等8家商协会，150多家与宁夏产业匹配度高、合作潜力大的企业应邀参会。（记者 周一青）,政府领导到其他城市考察学习或访问,0.5715462303313266,True
宁夏回族自治区,广东宁夏两省区党政领导见面会暨经贸合作座谈会在广州召开李希梁言顺讲话王伟中张雨浦出席,2022-07-11,广东•宁夏两省区党政领导见面会暨经贸合作座谈会在广州召开<br>李希梁言顺讲话 王伟中张雨浦出席- 宁夏。广东•宁夏两省区党政领导见面会暨经贸合作座谈会在广州召开 李希梁言顺讲话 王伟中张雨浦出席。李希代表省委、省政府对宁夏长期以来给予广东经济社会发展的支持帮助表示感谢。他说，当前，广东正在深入学习贯彻习近平总书记对广东系列重要讲话和重要指示精神，按照省第十三次党代会部署要求，扎实落实“1+1+9”工作部署，奋力在全面建设社会主义现代化国家新征程中走在全国前列、创造新的辉煌。全省上下坚决落实总书记关于“疫情要防住、经济要稳住、发展要安全”重要指示要求，统筹推进疫情防控和经济社会发展各项工作，以实际行动迎接党的二十大胜利召开。我们要认真学习宁夏的好经验好做法，立足新起点新征程，携手宁夏全面提升交流合作水平，共同在服务和融入新发展格局中实现高质量发展。一是在落实国家重大发展战略上加强交流合作。强化粤港澳大湾区、深圳先行示范区建设和横琴、前海两个合作区建设与建设黄河流域生态保护和高质量发展先行区等国家战略、区域发展战略对接，加强互学互鉴，深化务实合作，携手书写落实国家重大战略、推动高质量发展的新篇章。二是在建设现代产业体系上加强交流合作。加强现代农业、电子信息、新型材料、装备制造、现代化工、现代物流等重点领域对接合作，加强大数据产业合作发展，建立长期稳定的能源合作关系。三是在推动高水平科技自立自强上加强交流合作。进一步深化产学研合作，推动创新资源共享、关键核心技术联合攻关、创新成果转移转化，搭建人才交流合作平台，不断提升协同创新水平。四是在推动形成强大内需市场上加强交流合作。抓住构建全国统一大市场的机遇，引导企业强化双向投资，加强实施乡村振兴战略的对接互动、优势互补，依托“粤菜师傅”“广东技工”“南粤家政”三项工程加强就业创业对接，加强文旅合作，携手拓展市场空间。五是在深化对外开放联动上加强交流合作。携手参与“一带一路”建设，共建共享共用广交会、高交会、中阿博览会等平台资源和渠道，推动实现开放举措协同、开放优势互补、开放红利共享。。梁言顺对广东省长期以来给予宁夏的支持和帮助表示感谢。他说，广东省是中国改革开放的排头兵、先行地、实验区。近年来，广东省坚持以习近平新时代中国特色社会主义思想为指导，站位“两个大局”，胸怀“国之大者”，坚定担当习近平总书记赋予的“在全面建设社会主义现代化国家新征程中走在全国前列、创造新的辉煌”使命任务，推动各项事业发展取得新的巨大成就，续写了更多新时代“春天的故事”。广东肩负重大使命、服务服从大局的政治担当，领改革之风气、创开放之优势的勇气魄力，统筹发展和安全、以高水平安全保障高质量发展的明显成效，勇立发展潮头、敢闯敢试敢干的优良作风值得宁夏认真学习。广东与宁夏同处祖国大地，虽然远隔千山万水，但两省区交往交流不断、两省区人民情谊深厚。这些年，党中央大力实施区域协调发展战略，引领东西部协同发展，粤宁两省区党政互访不断、经贸合作紧密、民间交流频繁。去年习近平总书记就深化东西部协作作出重要指示，为拓展粤宁协作领域、提升协作水平指明了方向、提供了根本遵循。我们宁夏要深入领会“两个确立”的决定性意义，进一步增强“四个意识”、坚定“四个自信”、做到“两个维护”，承担好落实总书记殷切嘱托、实施好国家重大战略的使命任务，认真落实两省区深化合作框架协议，坚持政府引导和市场运作，推动两地在产业发展、市场融通、科技创新、人才队伍等方面实现更大范围、更宽领域、更高层次的合作，结出更加丰硕的成果。,其他,0.5061356884189467,True
宁夏回族自治区,闽宁协作第二十七次联席会议在福州召开周祖翼梁言顺讲话赵龙张雨浦庄严出席,2023-10-29,闽宁协作第二十七次联席会议在福州召开<br>周祖翼梁言顺讲话 赵龙张雨浦庄严出席- 宁夏。10月28日，闽宁协作第二十七次联席会议在福州市召开。会上，闽宁两省区深入学习贯彻习近平总书记关于深化东西部协作的重要指示精神，共叙山海深情，共商协作大计，携手共进打造新时代新征程闽宁协作“升级版”，再创东西部协作新辉煌。福建省委书记、省人大常委会主任周祖翼，自治区党委书记、人大常委会主任梁言顺出席会议并讲话。福建省委副书记、省长赵龙，自治区党委副书记、自治区主席张雨浦，自治区党委副书记庄严出席。。周祖翼代表省委、省政府对宁夏党政代表团来福建考察交流表示欢迎。周祖翼指出，习近平总书记在福建工作期间十分重视闽宁协作，开创了一系列重要理念和重大实践。党的十八大以来，习近平总书记高度重视东西部扶贫协作，始终牵挂闽宁协作，多次作出重要指示批示，具有很强的政治性、思想性和指导性，为我们深化闽宁协作提供了根本遵循、指明了前进方向。深化闽宁协作千条万条，第一条就是要把习近平总书记关于深化东西部协作的重要讲话重要指示批示精神学好用好，进一步传承弘扬习近平总书记在福建工作期间关于闽宁协作的重要理念和重大实践，确保新征程上的闽宁协作方向正确、路径明确，以实际行动坚定拥护“两个确立”、坚决做到“两个维护”。要在优势上再深入挖掘，把闽宁协作伟大事业进一步做得更加精准、更有实效。紧密结合两省区实际，因地制宜加大对接力度，加快双方资源整合利用，深化产业发展、对外开放、科技创新、数字经济、劳务用工、文化旅游、教育医疗等方面协作，不断提供科学路径和持久动力，在优势互补、互利互惠中不断推动新时代闽宁协作结出更多硕果。要在机制上再健全完善，把闽宁协作的好经验好做法进一步总结提炼好、转化运用好。根据新形势新任务，完善干部人才交流机制，拓展协作实践成果转化机制，健全社会广泛参与机制，形成协作共建、共同发展的良好局面，营造全社会关注闽宁协作、参与闽宁协作的浓厚氛围，激活闽宁协作新动能。。梁言顺代表自治区党委、政府对福建省长期以来的倾情帮扶和支持表示衷心感谢，对近年来福建日新月异的发展变化和瞩目成绩表示由衷敬佩。他说，闽宁协作发端于总书记的倾心谋划，成长于总书记的倾力推进，升华于总书记的倾情关怀。27年来，闽宁两省区沿着总书记指引的方向坚定前行，走出了一条先富带后富、东部援西部、共赴现代化的康庄大道，打造了一天比一天好、芝麻开花节节高的“幸福路”，优势互补促双赢、携手并肩共发展的“快车道”，山海相连永不分、双向奔赴见真情的“连心桥”，中华民族一家亲、一起走向现代化的“大棋局”，开创了东西部协作的光辉典范。闽宁协作的成功实践，根本在于总书记指路领航，在于习近平新时代中国特色社会主义思想科学指引，得益于福建省的真情付出和福建人民的真心帮助。当前闽宁两省区已经踏上了现代化建设新征程，希望两省区深刻领悟“两个确立”的决定性意义，从“两个维护”的政治高度，深入学习贯彻总书记关于深化东西部协作的重要指示精神，进一步创新机制，深化企业互访、人才培养、文旅交流、机关党建等多元化合作；拓宽领域，扩大“福建技术+宁夏转化”“福建市场+宁夏产品”“福建企业+宁夏资源”等协作规模；巩固成果，加强教育、医疗、就业等领域深度合作；互搭平台，实施高水平对外开放，拓展对外开放发展新空间，山海携手推动闽宁协作向更高水平、更深层次迈进，让闽宁协作的康庄大道越走越宽广。。会上，赵龙、张雨浦分别介绍了福建和宁夏经济社会发展情况。福建省副省长王金福、自治区副主席王立签订了《闽宁协作第二十七次联席会议纪要》。,政府领导到其他城市考察学习或访问,0.7919260441261488,True
宁夏回族自治区,自治区党委主题新闻发布会主旨发布词,2022-07-20,大家上午好！欢迎各媒体和记者朋友参加今天的新闻发布会！我过去也在新闻宣传战线工作过，今天看到这么多新老朋友格外亲切。多年来，你们用笔触记录宁夏、用镜头展现宁夏，宁夏的发展有你们的印记，也因你们而更生动、更精彩。我代表自治区党委和政府，向大家表示衷心感谢和崇高敬意！。对宁夏来说，今天是一个非常特殊的日子。6年前的今天，也就是2016年7月18日，习近平总书记踏上宁夏这片热土，向全党发出了“社会主义是干出来的”“走好新的长征路”的伟大号召，给我们指明了“努力实现经济繁荣、民族团结、环境优美、人民富裕，确保与全国同步建成全面小康社会”的康庄大道。2020年6月8日，总书记再次来宁视察指导，要求我们继续建设经济繁荣、民族团结、环境优美、人民富裕的美丽新宁夏。总书记两次宁夏之行，用两句饱含深情的话表达了对宁夏的“缘”和“情”。第一句话是“我和宁夏很有缘分”。这份“缘”发端于26年前总书记时任福建省委副书记时，亲自谋划、带头主抓、倾情推进的闽宁对口扶贫协作。1997年4月，总书记第一次来到宁夏，用4天时间走遍了西海固地区。在随后的6年时间里，总书记5次参加闽宁对口扶贫协作联席会议、3次发表重要讲话，创造性、系统性提出并推动形成了闽宁对口扶贫协作机制，亲自提议并命名“闽宁镇”，闽宁两省区因此结下了“山海情”。第二句话是“我对宁夏很有感情”。到中央工作以后，总书记始终牵挂着宁夏人民，2008年4月再次来到宁夏进行了3天视察调研；党的十八大以来，总书记又用6天时间两次亲临宁夏视察指导，为自治区成立60周年题写了“建设美丽新宁夏 共圆伟大中国梦”的贺匾，多次对宁夏工作作出重要指示批示，为宁夏发展指明了前进方向、擘画了美好蓝图、提供了根本遵循。总书记4次视察宁夏的15天，这种“缘”和“情”深如海、高于山，一直激励着宁夏人民阔步向前，指引宁夏各项事业发展取得历史性成就、发生历史性变革。我们可以自豪地说，党的十八大以来这十年，是宁夏发展量质齐升最快的十年，是城乡面貌变化最大的十年，也是全区人民得实惠最多的十年。今天，我就给大家分享一下宁夏这十年来在总书记的关心指引下的发展成果。。一是经济发展实现了量的跨越和质的提升。总书记指出发展不足是宁夏最大的实际，要求我们紧抓发展第一要务不放松。我们坚持以新发展理念引领新发展、实现新跨越，把发展作为最大的任务，着力破解发展不平衡不充分的难题，地区生产总值年均增长7.1%、高于全国年均增速0.5个百分点，用十年时间跨越过2000亿、3000亿、4000亿3个千亿大关，人均GDP翻了近一番。令人可喜的是，宁夏的发展质量和效益也实现了重大转变，过去冒黑烟、排臭水的“傻大黑粗”产业蜕变为绿色低碳高效的“窈窕淑女”型产业，一批具有成长潜力、发展活力的新兴产业如雨后春笋般拔地而起，现代煤化工、新能源、新材料等在全国都有一席之地，枸杞、葡萄酒、奶产业、文化旅游等走向全国，产业的“颜值”更高、“气质”更佳。我们按照总书记指引的“越是欠发达地区，越需要实施创新驱动发展战略”的路子，大抓科技创新，R&D投入强度十年翻了一番，综合科技创新水平指数从全国第22位提升到第18位，迈入全国二类创新地区，“科技支宁”东西部合作的“宁夏模式”在全国推广，400万吨煤制油成套技术荣获国家科学技术进步奖一等奖，维尔铸造高铁枕梁、吴忠仪表关键阀门、共享铸钢3D打印等“单打冠军”让人眼前一亮，宁夏也有一批领跑全国甚至全球的高科技，“科技的翅膀”助力宁夏发展展翅高翔。,政府领导到其他城市考察学习或访问,0.0,True
宁夏回族自治区,自治区人民政府办公厅关于印发宁夏回族自治区文化和旅游发展十四五规划的通知,2021-10-09,"['自治区人民政府办公厅关于印发宁夏回族自治区文化和旅游发展“十四五”规划的通知- 宁夏', '自治区人民政府办公厅关于印发宁夏回族自治区文化和旅游发展“十四五”规划的通知 宁政办发〔2021〕63号', '$(function(){ // var sx=\'\'; // if (sx.length>10){ // $(""#sx"").css(""display"",""block""); // } // var sxx=""有效"" // if(sxx.indexOf(""失效"") >= 0 ){ // $(""#info_title"").addClass(""sx""); // }else if (sxx.indexOf(""废止"") >= 0 ){ // $(""#info_title"").addClass(""fz""); // } var params=""""; //console.log(params); var size1 = params.substr((params.lastIndexOf(""."")+1)); //console.log(size1); if(size1 ==""ofd""){ //console.log(""size1""); var path = ""http://222.75.64.8:8089/web-reader/reader?file=""; $(""#ofdread"").attr(""src"",path+params); //$(""#ofdread"").load(function(){ //var thisheight = $(this).contents().find(""body"").height()+30; //console.log(thisheight); //$(this).height(thisheight < 500 ? 500 : thisheight); //}); $(""#ofdread"").css(""display"",""block""); var con = \'<br/> 各市、县（区）人民政府，自治区政府各部门、各直属机构：<br/> 《宁夏回族自治区文化和旅游发展“十四五”规划》 已经自治区人民政府第100次常务会议审议通过，现印发给你们，请结合实际，抓好组织实施。<br/> 宁夏回族自治区人民政府办公厅<br/> 2021年9月22日<br/> （此件公开发布）<br/> <br/> <br/> 宁夏回族自治区文化和旅游发展“十四五”规划<br/> 第一章 发展基础<br/> “十三五”时期，在自治区党委和政府的坚强领导下，全区文化和旅游系统坚持以习近平新时代中国特色社会主义思想为指导，深入学习贯彻党的十九大精神，全面落实习近平总书记来宁视察重要讲话精神，培元固本、守正创新，不断推动社会主义文化繁荣兴盛，着力推进全域旅游快速发展，全区文化和旅游各项工作成效显著，文化旅游产业作为自治区国民经济战略性支柱产业地位更加巩固，为“十四五”时期文化和旅游高质量发展打下坚实基础。<br/> 第一节 “十三五”时期取得的主要成就<br/> “十三五”期间，我区文化和旅游发展的主要指标和重点任务基本完成，文化引领风尚、教育人民、服务社会、推动发展的作用充分显现，旅游对经济和社会发展的综合带动功能更加凸显，文化和旅游积极助力“六稳六保”、脱贫攻坚、乡村振兴，为全面建成小康社会提供了强有力的支撑。<br/> 艺术精品力作不断涌现。坚持以人民为中心的创作导向，推出一批思想精深、艺术精湛、制作精良的精品力作。创作演出优秀剧目45部、主题晚会18台、美术作品561幅；各类优秀文艺作品获得国家级奖项80多个。秦腔现代戏《王贵与李香香》荣获“文华大奖”和“五个一工程奖”，入选全国优秀红色旅游演艺作品。成功举办了自治区60大庆系列文化活动，圆满完成庆祝新中国成立70周年群众游行宁夏彩车制作、展演工作。<br/> 公共服务能力显著提升。全区五级公共文化服务设施网络基本形成，在全国率先实现贫困地区村综合文化服务中心全覆盖，城乡居民文化生活更加丰富多彩。石嘴山市、吴忠市、固原市先后成功创建国家公共文化服务体系示范区。全区旅游公共服务体系建设不断健全，新建一批旅游集散中心、旅游驿站、旅游厕所、旅游标识标牌等公共服务基础设施，旅游服务质量提升“十百千万”工程全面完成，全域旅游环境明显改善，游客满意度不断提升。<br/> 文化遗产保护成果丰硕。文物保护利用全面推进，新增姚河塬遗址、大麦地岩画2家全国重点文物保护单位；西夏陵被评为国家考古遗址公园；青铜峡鸽子山遗址、彭阳姚河塬遗址分别入选2016、2017年度全国十大考古新发现；固原博物馆“千年固原 丝路华章”荣获第十四届“全国博物馆十大陈列展览精品”奖；盐池县、西吉县等7个县（区）被中宣部等四部委列入革命文物保护利用片区。非物质文化遗产保护传承体系和机制不断健全，基本建成国家、自治区、市、县四级非物质文化遗产名录体系。<br/> 文化旅游产业快速发展。文化产业快速发展，市场主体不断壮大，产业结构不断优化，新兴业态层出不穷，产品内涵不断丰富。全区文化及相关产业增加值占国民生产总值比重达到2.71%。旅游业发展态势强劲，成为促进各地经济结构优化的重要推动力、助力乡村振兴和打赢脱贫攻坚的重要生力军。旅游总收入占地区生产总值的比重超过9%，旅游业作为自治区战略性支柱产业的地位更加凸显。<br/> 全域旅游创建亮点纷呈。牢记习近平总书记“发展全域旅游，路子是对的，要坚持走下去”的重要指示精神，大力发展全域旅游，成为全国第二家全域旅游示范省区创建单位，承办了全国全域旅游发展推进会。深入实施“七大工程”，在全域空间优化、全域产业联动、全域市场开拓、全域服务配套方面取得重要进展。“十三五”期间，西夏区、沙坡头区、青铜峡市、平罗县成功创建国家全域旅游示范区。 <br/> 对外交流影响不断扩大。加快融入“一带一路”沿线国家和地区，对外文化交流在广度、深度和高度上取得新突破，有力推动宁夏本土优秀文化走向世界。开展了“八闽亲人游宁夏”免费月、“湘约宁夏”优惠季、“华东十城市巡回秀”等系列宣传营销活动。举办了星空朗读、沙漠音乐会、旅行商大会等一系列特色活动，“仰望星空”系列主题活动入选全国国内旅游宣传推广典型案例，“塞上江南·神奇宁夏”品牌影响力不断扩大。<br/> 第二节 “十四五”时期面临的机遇与挑战<br/> “十四五”时期，世界百年未有之大变局深度演化和我国社会主义现代化建设新征程开局起步相互交融，我国文化和旅游发展处于重要机遇期，面临着一系列新机遇和新挑战。一方面，全球政治经济文化交流的持续深入和我国社会大局稳定、经济长期向好的局面为我国文化和旅游繁荣发展带来良好机遇；另一方面，疫情的冲击为文化和旅游发展带来严峻挑战，入境旅游市场遭到重创，文化和旅游市场规模、综合效益、国际文化交流合作受到一定影响。<br/> 从宁夏看，文化和旅游发展面临的机遇与挑战相互并存。机遇方面：中央提出建设社会主义文化强国的目标任务，为我区文化和旅游工作赋予新使命；国家做出构建新发展格局的战略部署，为我区文化和旅游发展带来新契机；新一轮科技革命和产业变革，为我区文化和旅游发展提供新动力；建设黄河、长城、长征国家文化公园，实施乡村振兴、健康中国等一系列重大战略，为我区文化和旅游发展拓展新空间；努力建设黄河流域生态保护和高质量发展先行区、黄河文化传承彰显区，文化旅游产业列入自治区“九大重点产业”，为我区文化和旅游发展注入新动能。挑战方面：全区文化和旅游特色优势彰显不足，资源优势尚未完全转化为产品优势和品牌优势；文化和旅游融合发展不充分，在发展理念、产品开发、产业体系、管理体制等方面还存在融合不足；文化和旅游区域发展不均衡，区域间、城乡间差距较大；文化和旅游服务供给匹配不充足，公共服务体系和服务水平亟待提升。<br/> 综合判断，“十四五”时期，我区文化和旅游发展的有利因素和不利因素相互交织，机遇和挑战并存。必须全面把握文化和旅游发展形势的深刻变化，正确遵循文化和旅游发展的客观规律，立足我区文化和旅游发展实际，主动适应、把握、引领新常态，抢抓发展机遇，创新发展理念，厚植发展优势，破解发展短板，在危机中育先机、于变局中开新局，以创新发展催生新动能，以深化改革激发新活力，努力开创宁夏文化和旅游发展新局面。第二章 总体要求<br/> 第一节 指导思想<br/> 高举中国特色社会主义伟大旗帜，以习近平新时代中国特色社会主义思想为指导，深入贯彻党的十九大和十九届二中、三中、四中、五中全会精神，全面落实习近平总书记来宁视察重要讲话精神，按照“五位一体”总体布局和“四个全面”战略布局，紧紧围绕举旗帜、聚民心、育新人、兴文化、展形象的使命任务，坚定文化自信，增强文化自觉，聚焦建设黄河文化传承彰显区的擘画蓝图，立足新发展阶段、贯彻新发展理念、构建新发展格局，以推动高质量发展为主题，以深化供给侧结构性改革为主线，以改革创新为根本动力，以满足人民日益增长的美好生活需要为根本目的，着力开创文化事业、文化产业和旅游业高质量发展新局面，为继续建设经济繁荣、民族团结、环境优美、人民富裕的美丽新宁夏做出新贡献。<br/> 第二节 基本原则<br/> 坚持正确方向。坚持党对文化和旅游工作的全面领导，牢牢把握社会主义先进文化前进方向，以社会主义核心价值观为引领，固本培元，守正创新，坚持把社会效益放在首位，实现社会效益和经济效益相统一。<br/> 坚持以人民为中心。尊重人民主体地位，提高人民群众文化参与程度，保障人民文化权益，增强文化和旅游产品供给，提升文化和旅游服务品质，不断实现人民对美好生活的向往。<br/> 坚持系统观念。加强文化和旅游发展的前瞻性思考和全局性谋划，坚持规划先行，加强顶层设计，统筹推进城乡、区域文化和旅游发展，既着眼长远又立足当前，既尽力而为又量力而行，促进文化和旅游稳步实现高质量发展。<br/> 坚持创新驱动。全面推进文化和旅游领域机制创新、模式创新、业态创新，促进文化和旅游业提质增效、转型升级，大力发挥科技创新对文化和旅游发展的赋能作用，不断塑造文化和旅游发展新优势。<br/> 坚持融合发展。完善文化和旅游融合发展的体制机制，推动文化和旅游更广范围、更深层次、更高水平融合发展，积极推进文化和旅游与其他领域融合互促，不断提高发展质量和综合效益。<br/> 第三节 发展目标<br/> 按照自治区新阶段总体战略布局和新时代奋斗目标，立足我区文化和旅游实际，坚持目标导向和问题导向相结合，坚持守正和创新相统一，推动文化和旅游高质量发展取得阶段性重要成果，努力实现以下主要目标。<br/> 文化事业实现繁荣发展。全区艺术创作水平持续提升，文化遗产保护传承利用水平不断提高，现代公共文化服务体系更加健全，公共文化产品供给品质化、发展均衡化、成果共享化、治理现代化稳步提升，文化在服务全区经济社会发展、满足人民群众文化需求、振奋人民群众精神、促进社会文明程度提升等方面作用更加凸显。<br/> 文化产业实现壮大发展。现代文化产业体系和市场体系基本形成，多元市场主体健康快速发展，竞争力显著提升，文化产业和产品结构进一步优化，供给质量和效益进一步提升，文化业态进一步丰富,文化消费日益增长。到2025年，文化及相关产业增加值占GDP的比重达到4%。<br/> 旅游业实现创新发展。旅游资源实现有效整合，旅游产品不断创新，推动黄河文化、星星故乡、酒庄休闲、红色主题、动感体验、长城遗址为代表的“六大品牌”实现创新发展。大西北旅游目的地、中转站和国际旅游目的地的旅游功能和服务能级大幅提升，“塞上江南·神奇宁夏”品牌形象不断扩大。到2025年，接待人数力争突破1亿人次，旅游总收入力争突破1000亿元。<br/> 宁夏“十四五”文化和旅游发展主要指标<br/> 指标名称<br/> 2020年<br/> 2025年<br/> 属 性<br/> 1.文化及相关产业增加值占地区生产总值比重（%）<br/> 2.71*<br/> 4<br/> 预期性<br/> 2.旅游接待总人次（亿人次）<br/> 0.4*<br/> 1<br/> 预期性<br/> 3.旅游总收入（亿元）<br/> 340.03*<br/> 1000<br/> 预期性<br/> 4.国家级旅游度假区（个）<br/> —<br/> 2<br/> 预期性<br/> 5.国家5A级旅游景区（个）<br/> 4<br/> 7<br/> 预期性<br/> 6.每万人拥有公共文化设施建筑面积（平方米）<br/> 1496<br/> 1600<br/> 约束性<br/> 7.每万人接受公共文化设施服务次数（次）<br/> 892<br/> 1200<br/> 预期性<br/> 注：①带*的为2019年数据。②受新冠肺炎疫情影响，2020年旅游产业规模出现较大跌幅，为不可预测的异常状态，因此选取2019年数据作为参考值。<br/> 远景展望：经过15年的接续奋斗，到2035年，基本建成文化强区和国际旅游目的地，基本公共文化服务均等化实现水平走在全国前列，文化事业更加繁荣，文化产业和旅游业的整体实力大幅提升，形成独具特色的新优势，优秀文艺作品、优质文化产品和旅游产品充分满足人民群众美好生活需要，文化和旅游为实现人的全面发展和全区人民共同富裕提供坚强有力保障。<br/> 第四节 发展定位<br/> 建设黄河文化传承彰显区。保护黄河文化遗产，传承黄河文化基因，深度挖掘黄河文化时代价值，围绕讲好黄河故事、展示宁夏形象，推出一批有影响力的精品力作、搭建一批有品牌力的文化载体、建设一批有带动力的示范项目，使宁夏成为彰显黄河文化、展示黄河文明的重要窗口。<br/> 创建国家全域旅游示范区。全力打造宁夏旅游环线，依托贯穿银川、石嘴山、吴忠、中卫地区“北部大环线”和环绕固原地区“南部小环线”，构建宁夏全域旅游联动发展新格局，实现以旅游业带动区域资源有机整合、产业深度融合发展、全社会共同参与的良好发展局面，力争成功创建国家全域旅游示范（省）区。<br/> 打造文化和旅游融合发展示范区。全面推动文化和旅游融合发展，以建设黄河、长城、长征国家文化公园为契机，整合具有突出意义、重要影响、重大主题的文物和文化资源，塑造一批文化地标，建设一批标志性项目，打造一批文化和旅游深度融合发展示范区。积极推进文化和旅游与特色产业融合发展，创新业态，优化供给，建设一批“文化旅游+”产业融合发展示范区（点）。<br/> 第五节 发展布局<br/> 依托宁夏文化和旅游资源分布、产业发展基础、资源环境容量，围绕高质量发展目标，优化文化和旅游发展格局，推动区域协调发展、城乡融合发展，形成各地特色发展优势。一、优化文化发展布局<br/> 构建文化强区服务新格局。以国家文化公园建设为重点，培育一批中华优秀传统文化保护传承示范区、革命文化继承弘扬样板区、社会主义先进文化创新发展引领区，形成区域联动、城乡融合、均衡协调的文化发展布局。保护传承弘扬黄河文化，实施黄河文化遗产系统保护工程。围绕党史、新中国史、改革开放史、社会主义发展史等领域统筹创作规划，合理集聚和配置资源，扶持重大现实题材、革命题材、历史题材创作，推出一批新时代精品力作。深入推进公共文化服务均等化、标准化，构建“设施网络化、供给多元化、机制长效化、城乡一体化、服务普惠化”的公共文化服务新格局。建立健全国家、自治区、市、县代表性项目名录体系，加强文化生态保护区建设。坚持把保护放在首位，在保护中发展、在发展中保护，不断完善文化遗产保护传承利用体系，建设考古遗址公园、文物保护利用示范区。<br/> 完善文化产业发展新格局。发挥银川区位、资源、科教等优势，打造文化产业发展核心区，带动全区文化产业快速发展，重点推进创意设计、数字文化、影视动漫、演艺娱乐、工艺美术、文博会展等产业发展。发挥中卫黄河、沙漠、枸杞等优势，打造特色文化产业发展副中心，促进中部文化产业快速崛起，重点推进文化旅游、演艺娱乐、文博会展、数字文化等产业发展。发挥固原红色资源、历史底蕴、生态环境等优势，打造生态文化产业发展副中心，带动南部文化产业快速振兴，重点推进红色文化、丝路文化、乡村文化、工艺美术、创意设计等产业发展。发挥石嘴山工业遗产、沙漠、湿地、黄河等优势，重点推进工业遗产文化、黄河文化、农耕文化、影视创作等产业发展。发挥吴忠黄河、长城、红色、美食等优势，重点推进黄河文化、长城文化、餐饮文化、包装印刷等产业发展。依托黄河、长城、长征三大国家文化公园建设，加强银川、石嘴山、吴忠、固原、中卫城市间协调合作、协同创新，打造一批主业突出的文化产业园区和文化产业集群，引导传统与现代文化有机融合，创新文化产品开发，加强文化品牌培育，构建体现“根和魂”的宁夏特色文化产业发展带。二、优化旅游业发展布局<br/> 加快构建“一核两带三片区”发展格局，全力打造文化和旅游融合发展“升级版”。<br/> （一）一核。<br/> 建设沿黄地区文化旅游发展核心区。依托沿黄地区文化和旅游要素密集、资源富集、人口聚集的优势，推动构建以银川为中心，石嘴山、吴忠为支撑，以县（区）为节点的沿黄地区文化旅游发展核心区。发挥银川首府城市的辐射带动作用，推动提升沿黄河地区文化旅游综合竞争力和服务品质，引领带动全区文化旅游产业转型升级、提质增效。<br/> （二）两带。<br/> 建设黄河文化旅游带。以黄河国家文化公园建设为契机，加强黄河文化遗产保护，整体提升沿黄景区景点、发展休闲体验新业态，打造精品旅游线路，推动产业集聚集群发展，创建黄河国家级旅游度假区，加快建设融合生态景观、承载文化价值、富含人文底蕴的生态文化旅游带，打造黄河流域生态保护和高质量发展的核心带。<br/> 建设贺兰山文化旅游带。以贺兰山东麓文化和旅游资源为基础，融合“一体两翼”（贺兰山东麓产区主体，中宁县、沙坡头区西南翼，红寺堡区、同心县东南翼）葡萄酒特色产业，整合提升贺兰山东麓葡萄酒庄、葡萄酒小镇、旅游景区、文化遗迹、生态景观等特色资源，优化发展产业集聚区，开发建设文化休闲体验、生态运动康养等文化和旅游融合新业态，打造贺兰山东麓国家级旅游度假区和中国最具特色的葡萄酒文化旅游产业带。<br/> 同时，宁夏东部、中部地区依托两带建设，深度挖掘文化和旅游资源，推动长城遗址、红色文化、移民文化、丝路古道等特色文化和旅游产品开发，推进灵武、盐池、红寺堡、海原、同心、中宁等地区形成区域联动、均衡协调发展格局，努力将宁夏东部、中部地区打造成为文化旅游产业发展的重要增长极。<br/> （三）三片区。<br/> 建设沙湖文化旅游片区。以沙湖旅游区为核心，拓展连接东部沙漠旅游资源和西部贺兰山旅游资源，打造国际一流的沙漠湿地休闲旅游度假区，辐射带动银川北部和石嘴山地区旅游发展，促进片区生态旅游、工业旅游、乡村旅游全面提升。<br/> 建设沙坡头文化旅游片区。以沙坡头景区为核心，拓展连接香山生态文化体验区、中宁枸杞康养旅游体验区、海原生态旅游度假区，打造全国黄河生态康养目的地，带动沙坡头区、中宁县、海原县旅游发展，促进片区休闲度假旅游、康养旅游、生态旅游全面提升。<br/> 建设六盘山文化旅游片区。以六盘山红军长征景区为核心，拓展连接六盘山周边区域，打造全国红色旅游新高地、全国脱贫攻坚重点展示区域，辐射带动六盘山周边县（区）旅游发展，促进片区红色旅游、乡村旅游、避暑度假、长城丝路文化体验游全面提升。三、推进城乡融合发展<br/> 科学把握城乡融合发展规律，着重将城乡文化建设、旅游发展同新型城镇化、乡村振兴战略有效衔接起来，保护城市文脉，挖掘乡村文化，以城带乡、以文化人，让城市留下记忆、让乡情仍有归途，不断提高城乡居民的获得感、满足感和幸福感。深度挖掘城市文化内涵，增加城市文化底蕴，优化城市旅游休闲空间，开发城市特色景观，促进城市文化品位和旅游休闲品质提升。注重保护传统村落和乡村特色风貌，延续历史文脉，将文化和旅游发展纳入乡村建设行动计划。着力把县域作为城乡文化和旅游融合发展的重要切入点，强化县城综合服务能力。积极发挥城市带动作用，推进城乡基本公共服务一体化建设，实现城乡文化和旅游互融互促。集中力量打造一批文化特色鲜明的国家级旅游休闲城市和街区，开发一批非遗小镇、特色文化和旅游名镇名村，建设一批全国休闲农业与乡村旅游示范点、乡村旅游重点村。四、促进地市特色发展<br/> 推动中心城市突出地域特色，实施特色化、差异化发展，形成特色鲜明、优势互补、协调联动的产业发展态势。银川市围绕“丝路明珠·魅力银川”，打造黄河文化传承彰显区核心区、黄河“几”字弯都市圈文化旅游消费中心城市和国际知名中国大西北旅游目的地。石嘴山市围绕“神奇宁夏川·活力石嘴山”，做足生态和工业文化两篇文章，建设创新型山水园林城市。吴忠市围绕“黄河金岸·水韵吴忠”，打造黄河金岸亮丽生态城市、特色美食和健康休闲城市。固原市围绕“天高云淡六盘山”，打造西北地区知名的避暑康养生态休闲度假胜地，建设生态园林和文化旅游城市。中卫市围绕“沙漠水城·云天中卫”，创新大漠星空、度假康养业态，打造具有国际影响力的休闲度假旅游目的地。<br/> 第三章 繁荣发展文化事业 <br/> 以社会主义核心价值观引领文化繁荣发展，完善公共文化服务体系建设，优化公共文化资源配置，增加优质文化产品供给，推进基本公共文化服务扩大覆盖面，着力提升公共文化供给能力和供给质量。<br/> 第一节 推进艺术创作繁荣发展<br/> 牢固树立以人民为中心的创作导向，坚持“二为”方向和“双百”方针，坚持思想精深、艺术精湛、制作精良相统一，繁荣艺术创作，不断推出反映时代新气象、讴歌人民新创造的艺术精品。一、加强艺术创作引导<br/> 建立健全艺术工作者“深入生活、扎根人民”长效机制，鼓励艺术工作者深入基层、体验生活，增进与人民的感情。引导树立集体创作观念，建立和完善艺术委员会制度，培养集体创作骨干力量，发挥专家、退休老艺术家作用，拓宽集体创作渠道。坚持大中小型艺术作品兼顾，大力扶持中小型艺术作品创作。完善艺术创作生产演出资助、评价、奖励机制，用好国家艺术基金和其他基金资金。鼓励和引导社会力量参与艺术创作和公益性演出。二、推进艺术精品创作<br/> 坚持把创作生产优秀作品作为艺术工作的中心环节，尊重艺术创作规律，抓好现实题材、爱国主义题材、重大革命和历史题材、青少年题材的创作生产。实施艺术作品质量提升工程，加强艺术创作资源统筹，重点围绕重大时间节点、国家重大战略和其他重大主题，创作推出一批思想性、艺术性、时代性、观赏性相统一的艺术精品，努力攀登艺术高峰，实现艺术创作高质量发展。“十四五”期间，创作舞台艺术作品10部以上、旅游演艺剧目5部以上，力争1部—2部剧目荣获文华大奖和“五个一工程”奖。三、推进艺术事业传承发展<br/> 继续实施“宁夏戏曲振兴工程”，扶持地方京剧、秦腔、眉户戏等戏曲剧种传承，支持各地戏曲团体发展、戏曲剧本创作、戏曲人才培养、戏曲市场培育等，推动戏曲创新发展。挖掘、整理具有独创性的地方文化资源和特色性文化产品。加快推进宁夏美术馆投入运营，实施美术创作和收藏工程。进一步完善“文化大篷车”下基层演出机制，提高“送戏下乡”质量。继续举办“高雅艺术进校园”等公益性演出活动。构建新时代文艺评价体系，完善文艺评奖机制，加强文艺评论阵地建设和理论研究，提高文化艺术科研水平。四、推进国有文艺院团改革<br/> 深化国有文艺院团改革，贯彻落实中央《关于深化国有文艺院团改革的意见》。坚持分类指导，明确功能定位，搞活分配机制，实施“一团一策”，引导建设一批示范性、导向性、引领性新时代国有文艺院团，努力做到人才辈出、人尽其才、佳作迭出、叫好叫座。积极引导民营文艺团体繁荣发展，增强市场活力。引导演出院线（剧场）和演出院团进行资源整合和共享，提高使用效率。<br/> 专栏 1 艺术精品创作传播<br/> 1.艺术精品创作：实施重大题材创作项目、主题性美术创作项目等，定期对优秀保留剧目进行数字化存档，扶持主题文艺作品和剧本创作，扶持小型戏剧、音乐、舞蹈、曲艺、杂技、木偶、皮影等地方特色文化发展。<br/> 2.戏曲传承振兴：扶持代表性戏曲院团和传统戏曲传承发展，改善濒危剧种生存发展状况，实施濒危剧种公益性演出项目。编辑出版《中国戏曲剧种全集》（宁夏卷）。持续推进戏曲进校园、戏曲进乡村。<br/> 3.美术发展收藏：扶持自治区主题性美术专项收藏，鼓励捐赠性收藏，加强藏品保护、修复、研究和推广利用，提升国有美术馆藏品资源管理水平，推动美术馆数字化建设，完善自治区级美术展览体系。<br/> 4.文艺人才培养：培训与实践相结合，举办各类文艺人才培训班，培养选拔一批创作、表演、管理、评论等方面的青年人才。发挥老艺术家传帮带的作用，加强青年文艺骨干培养培训和宣传展示。<br/> 第二节 提升公共文化服务水平<br/> 坚持政府主导、社会参与、重心下移、共建共享，着眼保障人民群众文化权益，统筹推进城乡公共文化服务体系均衡发展，创新实施文化惠民工程，广泛开展群众文化活动，提高公共文化服务的覆盖面和实效性。一、完善公共文化服务体系<br/> 全面落实国家基本公共服务标准，进一步夯实现阶段基本公共文化服务范围和标准，强化保障能力。实施文化惠民工程，改造提升市级文化场馆服务功能，推进县级文化馆、图书馆总分馆制全覆盖，完善乡镇、村（社区）综合文化服务基础设施网络。拓展社区、街区、乡村公共服务空间，打造一批城市阅读岛、“悦书房”、“微剧场”、“文化驿站”等小微公共文化空间。扶持农民文化大院特色化、民间文艺团队多样化发展。全面落实图书馆、文化馆、美术馆、博物馆等公共文化场馆免费开放政策，积极做好错时、延时和流动服务，完善保护机制。推动中卫市创建国家公共文化服务体系示范区。二、提升公共文化产品供给<br/> 拓展公共文化场馆服务功能，面向不同群体，开展体验式、互动式的公共文化产品供给。探索公益服务与有偿服务互为补充的实践方式和有效机制，鼓励有条件的公共文化机构研发文化创意产品，创新文化产品供给。积极开展流动文化服务，通过流动舞台车、流动图书车、文艺小分队等形式，把慰问演出、文艺辅导、展览讲座等文化活动送到百姓身边。统筹做好特殊群体公共文化服务供给。大力培育乡村文艺骨干，着力提升乡村文化站、文化中心服务功能。推进城乡“结对子、种文化”，引导优质文化资源和文化服务更多地向农村倾斜。建立公共文化服务需求反馈机制，进一步完善“订单式”“菜单式”“预约式”服务机制。制定公共文化服务考核指标和绩效考评制度，提升公共文化服务效率。三、广泛开展群众文化活动<br/> 精准把握群众文艺的特点和规律，组织开展重要主题创作，展现百姓生活，表达人民心声，抒写伟大时代。在建党 100 周年等重大节点和“七一”、国庆等重要节日开展主题文艺活动，旗帜鲜明唱响主旋律，弘扬正能量。围绕春节、元宵节、端午节、中秋节等传统节日，注入时代精神和人文内涵，创新开展传统民俗文化活动。大力推进广场文化、社区文化、村镇文化、企业文化、校园文化建设，形成一批群众喜闻乐见、形式丰富多样的群众文化活动品牌。组织举办文化节、民歌大会、大众合唱节、广场舞示范展示等群众性文艺活动。打造中国西部民歌（花儿）歌会、“美丽乡村文化大集”等一批群众文化活动品牌。建立健全“宁夏文艺轻骑兵”深入基层巡演机制。四、推进公共文化数字化建设<br/> 加快建设自治区、市、县公共文化服务云平台，积极对接国家平台，联通基层阵地，实现互联互通、资源共享。引导公共文化云平台与社会网络平台合作共享，提升覆盖范围和传播效率。不断丰富云平台数字文化内容，优化数字文化资源库，提升公共数字文化供给能力。推动市、县（区）建设一批数字图书馆、数字文化馆、智慧博物馆、数字艺术展示展厅，提升公共文化“沉浸式”“互动式”服务。大力发展云展览、云阅读、云视听，推进“互联网+群众文化活动”，全面形成公共文化服务智慧应用新场景。五、促进公共文化社会化服务<br/> 积极引入公平竞争机制，通过社会组织的市场化运作，促进公共文化服务提供主体、提供方式、文化产品多样化，形成政府主导、社会参与、多元投入、协力发展新格局。健全政府向社会力量购买公共文化服务机制。探索公共文化领域政府和社会资本合作（PPP）机制，鼓励社会力量投资建设公共文化设施。完善社会组织捐赠激励机制，通过减免税费、表彰冠名、业务培训、项目帮扶等优惠政策吸引社会组织以不同形式捐赠或赞助公共文化事业。构建参与广泛、形式多样、机制健全、灵活高效的文化志愿服务体系，实施“春雨工程”“阳光工程”“圆梦工程”，加强跨省区群众文化交流。<br/> 专栏 2 公共文化服务提升项目<br/> 1.公共文化设施建设项目：续建宁夏美术馆、银川市图书馆（新馆）和原州区文化馆、图书馆，实施固原博物馆、宁夏文化馆、同心县文化馆改造提升工程，推进沙坡头区文化馆和图书馆“市区共享一体化”建设，推动固原市、青铜峡市“两馆”投入运行。实施县级文化馆、图书馆、乡镇文化站达标升级工程，新建15个乡镇综合文化站。<br/> 2.公共文化惠民项目：每年组织广场文化演出1500场次以上、送戏下乡1600场次以上。每年推出30个左右优秀群众艺术原创作品。建设全区优秀群众文艺作品项目“储备库”。依托“欢乐宁夏”群众文艺会演平台，组织开展好广场舞、“大家唱”、“百姓大舞台”等群众活动。<br/> 3.公共数字文化建设项目：推动市、县（区）建设一批数字图书馆、数字文化馆、智慧博物馆、数字艺术展示展厅。加大短视（音）频、慕课等资源采购力度。加强黄河、长城、长征等特色数字资源建设。加强对戏曲动漫、民歌（花儿）、传统手工艺、红色文化等特色公共文化资源的高清采集和标注。<br/> 第三节 推进文化遗产保护传承利用<br/> 全面贯彻“保护为主、抢救第一、合理利用、传承发展”方针，深入推进文化遗产保护传承利用工作，实现文化遗产在保护中发展，在发展中传承。一、完善文化遗产资源管理<br/> 实施文化遗产资源普查工程，加强普查成果梳理认定和保存利用。建立文物资源管理制度和大数据库，推进文物资源管理数字化、信息化建设。健全不可移动文物资源管理机制，加强统筹规划，完善保护体系，制定保护措施，扎实推进不可移动文物保护管理工作。完善可移动文物资源管理机制，加大国有博物馆藏品征集力度，加强一级文物备案与管理，开展非国有博物馆藏品登记。健全非物质文化遗产调查记录体系，开展非物质文化遗产资源调查，实施非物质文化遗产记录工程。到2025年，全区实施文化遗产保护利用设施建设项目达到14个。二、加强文物保护和考古<br/> 认真做好第九批全国重点文物保护单位推选和第六批自治区级文物保护单位遴选公布工作。持续推动西夏陵申报世界文化遗产。积极参与中华文明探源和“考古中国”项目，加快推进姚河塬遗址、水洞沟遗址、张家场城址考古发掘和罗山区域、六盘山西麓考古调查。加强长城本体加固保护、石窟寺保护等项目，推进大遗址保护利用。利用现代科技手段，加大对各级文物保护单位本体及环境实施严格保护和管控，改善尚未核定公布为文物保护单位的不可移动文物保护状况。加大革命文物保护力度，集中力量保护修缮一批革命旧址、保护修复一批馆藏革命文物。开展革命文物集中连片保护利用，提升重大事件遗迹、重要机构旧址、重要人物旧居保护展示水平。加强传统村落、传统建筑、农业遗迹等物质文化遗产保护。建立健全文物安全长效机制，提高防护能力，严厉打击文物犯罪。力争到2025年，黄河流域文物保护单位达到550个、自治区级以上文物保护单位开放率达到60%。三、拓展文物合理利用<br/> 加强文物价值的挖掘阐释和传播利用，让文物活起来。依托水洞沟遗址、贺兰山岩画等文化遗产，申报一批国家文化地标和文化标识。依托博物馆、考古遗址公园等场所，将考古成果转化为大众喜闻乐见的陈列展览、文创产品、数字化体验。深入挖掘古建筑的历史文化内涵，不断探寻新模式、新路径，努力培育活化利用新产业，为古建筑注入新的生机。加强文物与文化创意结合，建立“宁夏博物馆文创联盟”，开发特色文创产品，通过文创产品延续文物生命力、延伸文物传播教育功能，拓展文物利用综合效益。四、激发博物馆创新活力<br/> 加强数字博物馆建设，发展智慧博物馆，推进博物馆运营、管理、展陈模式变革，提升博物馆智能化管理服务水平。继续分类推进博物馆法人治理结构建设，完善理事会制度，创新内部运行机制，提高服务效能。鼓励博物馆开发文化创意产品，其所得收入按规定纳入本单位预算统一管理。开展博物馆绩效考评，推进博物馆免费开放水平。扶持建设一批行业博物馆，支持引导非国有博物馆建设，将非国有博物馆纳入博物馆质量评价体系之中。<br/> 专栏 3 文物保护重点项目<br/> 1.重点文物保护单位本体保护项目：实施柳州城址、七营北嘴城址、省嵬城址、平罗玉皇阁、一百零八塔、中卫高庙等保护项目。<br/> 2.长城本体保护项目：实施明长城中卫胜金关段、水洞沟敌台、磨石口长城3段、韭菜沟段、永宁段赤木口3段、闽宁烽火台、盐池八步战台、同心县下马关城址、石嘴山红果子段二期、清水营村长城2段、北岔口段、横城堡段等保护项目。<br/> 3.考古调查发掘项目：实施姚河塬遗址、水洞沟遗址、张家场城址、周家嘴头遗址考古发掘；六盘山西麓地区新石器时代遗存、红河流域、罗山地域考古调查工作等项目。<br/> 4.革命文物遗址保护项目：实施陕甘宁省豫海县回民自治政府成立大会旧址、盐池雷记沟、彭阳乔家渠、高崾岘炮楼等革命遗址本体保护；实施革命文物保护利用片区整体展示利用等项目。<br/> 5.石窟寺本体保护项目：实施固原须弥山石窟岩体加固、石窟造像壁画修复、水害治理，中宁石空寺石窟岩体抢险加固等工程。<br/> 6.馆藏珍贵文物修复项目：实施西夏博物馆珍贵唐卡、固原博物馆馆藏唐史道洛墓彩绘、镇墓武士俑保护等修复项目；隆德县博物馆、同心县博物馆可移动文物预防性保护等项目。<br/> 7.重点文物保护单位保护性基础设施项目：实施姚河塬、须弥山石窟、大麦地岩画等保护管理基础设施建设，实施西夏陵周边环境整治、须弥山石窟地质灾害和水土流失环境治理等工程。<br/> 8.重点文物“三防”项目：实施中卫高庙消防、须弥山石窟安防改造、康济寺塔防雷等项目。五、提高非遗保护与传承水平<br/> 认真组织落实《黄河流域宁夏非物质文化遗产保护传承弘扬专项规划（2020—2025年）》。全面贯彻执行新修订的《宁夏回族自治区非物质文化遗产保护条例》，不断健全国家、自治区、市、县代表性项目名录体系，推进非物质文化遗产资源数字化、服务网络化、管理数字化建设。实施非遗记录工程、非遗传承人群研修研习培训计划、传统工艺振兴计划、非遗濒危项目保护及代表性传承人抢救性记录工作，认定公布一批自治区级非遗代表性传承人。加强自治区级传承基地建设，启动第六批国家级非遗代表性项目推荐申报工作。培育建设文化生态保护实验区。推动非遗与旅游融合发展，支持利用非遗馆、传承体验中心、非遗工坊等场所，培育一批非遗旅游体验基地；推出一批具有鲜明非遗特色的主题旅游线路、研学旅游产品和演艺作品；支持非遗有机融入景区、度假区、旅游休闲街区、特色小镇，鼓励非遗特色景区发展。加大非物质文化遗产传播推介弘扬力度，利用新媒体手段，多平台、多维度、立体式开展非遗宣传推介活动。推动非物质文化遗产领域的国际交流与合作。<br/> 专栏 4 非遗保护传承工程<br/> 1.实施梯级名录项目建设工程。开展国家级、自治区级非遗代表性项目推荐及申报工作，进一步扩充国家级、自治区级代表性项目名录数量。<br/> 2.实施传承人群保护培育工程。开展传承人群体研修研习，挖掘和培育乡土艺术人才，国家级代表性传承人数量增加10人，自治区级代表性传承人数量增加50人。<br/> 3.实施体验设施建设工程。建设宁夏非遗展示馆、展示中心，新建或扩建一批非遗传承体验中心（所、点）。<br/> 4.实施传统工艺振兴工程。建立“宁夏黄河流域传统工艺振兴目录”，培育建设黄河文化生态保护区。推动传统工艺类非遗的现代创新与融合，支持衍生品研发与制作，打造独具地方特色的知名品牌。<br/> 5.实施数字非遗应用工程。推进非遗代表性项目数字化资源数据库录入工作，形成集普查资源、信息管理、保护载体、检索查询、信息安全等多种功能于一体的宁夏非遗数字管理平台。<br/> 6.实施文化生态修复工程。推进宁夏黄河流域传统村落保护工作，保护非遗存续民间土壤，修复传承的自然生态。建设一批自治区级文化生态保护区，力争打造国家级文化生态保护实验区。<br/> 7.实施创新发展传承工程。举办黄河流域非遗文创产品设计大赛。支持建设一批自治区级非物质文化遗产就业工坊。<br/> 8.实施传播推介弘扬工程。举办“宁夏黄河流域非遗学术研讨会”“中国黄河非遗文化高峰论坛”等学术活动，实施“非遗进校园”特色教育活动，开展“传承人对话”等活动。<br/> <br/> 第四章 培育壮大文化产业<br/> 坚持把社会效益放在首位、实现社会效益和经济效益相统一，以数字化为引擎，以创新创意为动能，改造提升传统文化业态，创新发展新型文化业态，壮大文化市场主体，优化产业发展环境，不断健全结构合理、门类齐全、科技含量高、富有创意、竞争力强的现代文化产业体系。<br/> 第一节 促进文化产业结构优化升级<br/> 顺应数字产业化和产业数字化发展趋势，推动新一代信息技术在文化创作、生产、传播、消费等各环节的应用，推进“上云用数赋智”，加强创新链和产业链对接。推动数字文化产业加快发展，发展数字创意、数字娱乐、网络视听、线上演播、数字艺术展示、沉浸式体验等新业态，丰富个性化、定制化、品质化的数字文化产品供给。提高创意设计发展水平，促进创意设计与实体经济、现代生产生活、消费需求对接。改造提升演艺、娱乐、工艺美术等传统文化业态，推进动漫游戏业、电竞赛事业提质升级。推进文化与信息、工业、农业、体育、健康等产业融合发展，提高相关产业的文化内涵和附加值。推动文化产业发展融入新型城镇化建设，大力发展乡村特色文化产业。加快科技型、创新型文化产业园区和示范基地建设，推动文化产业规模化、集约化、专业化发展。<br/> 专栏 5 培育新型文化业态<br/> 1.数字文化业：支持文化场馆、文娱场所、景区景点、文化街区（园区）开发数字化产品和服务，支持演艺机构举办线上活动，培育10个数字艺术体验场景、5个线上演播项目。<br/> 2.创意设计业：引进一批国内外知名创意设计企业，培育一批具有地方特色的创意设计企业，建设一批创意设计产业园、创意设计孵化基地，举办文化创意设计大赛。<br/> 3.演艺娱乐业：培育一批中小型、主题性、特色类旅游演艺精品，开发具有宁夏特色、主客共享的小剧场文化娱乐消费产品，对长期在剧场演出且具有一定品牌影响力的特色文化演艺剧目和演艺院团，纳入政府购买公共文化服务项目。培育5个旅游演艺项目。<br/> 4.动漫游戏业：支持“文化旅游+动漫游戏”项目，鼓励创作黄河、贺兰山、长城、长征故事或含有宁夏元素、对宁夏有宣传效应的动漫游戏作品。加强动漫游戏品牌培育，支持AFN“一带一路”动漫活动和赛事，推进“一带一路”动漫品牌推广中心和中国动漫集团众创空间宁夏基地建设。<br/> 5.电竞赛事业：建设一批电竞场馆，打造一批电竞产品研发基地、电竞赛事基地、电竞人才培育基地，推动电子竞技员、电子竞技运营师职业培训和资格考试工作。<br/> 6.沉浸式体验业：支持文化文物单位、景区景点、主题公园、园区街区等运用各类资源开发沉浸式旅游演艺、沉浸式娱乐体验产品，培育5个沉浸式体验项目。<br/> 第二节 激发文化市场主体活力<br/> 深化国有文化企业改革，提高运营效率，优化布局结构，培育骨干文化企业，鼓励大型文化企业通过资源整合、并购重组等方式做优做强，形成一批具有核心竞争力与国内影响力的文化产业集团。支持中小微文化企业向“专业化、特色化、创新型”方向发展，在提供个性化、多样性、高品质文化产品和服务方面形成比较优势。鼓励社会资本投资兴办文化企业，扶持民营文化企业成长壮大。引进一批主业突出、实力雄厚的大型文化产业集团。支持有条件的企业“走出去”，积极开拓国内外市场。扶持数字文化企业发展，培育一批具有较强核心竞争力的大型数字文化企业。支持网络视听、数字内容、智能制造、跨界融合等“新技术、新业态、新模式”文化企业发展，培育一批细分领域的“瞪羚企业”和“隐形冠军”企业。加快传统线下文化企业数字化改造和转型升级，形成数字经济新实体。引导支持文化企业加大对数字技术应用的研发投入。<br/> 第三节 发展文化产业园区基地<br/> 坚持一手抓建设发展、一手抓规范管理，在全区合理布局一批特色鲜明、主业突出、集聚度高、带动性强的文化产业园区和基地。坚持政府规划引导、专业机构运营，充分发挥市场机制作用，提升文化产业园区服务企业能力和水平，推动园区由要素集聚空间向创新发展平台转变。各地积极盘活存量房产和土地资源，充分利用旧矿区、旧厂房、旧办公楼、旧仓库等生产生活旧址转型兴办文化产业园，鼓励打造众创空间、创新工场等新型创意设计空间；打造一批文化产业孵化基地，促进科技型、创新型产业园区、特色街区、博览园等文化产业聚集区建设。进一步完善创建发展和动态管理机制，推动国家级、自治区级文化产业示范园区（基地）建设成为政策集成、企业集聚、产业集中、引领发展的文化产业先行区。引导各级文化产业示范园区（基地）坚持正确导向、健康有序发展，进一步发挥示范引领和辐射带动作用。建立自治区文化产业园区协作发展机制，引导市、县级文化产业园区结对共建、联动发展，推动园区之间在企业、项目、人才、渠道等方面的交流与合作。<br/> 专栏 6 壮大文化市场主体<br/> 1.新型文化企业培育计划：建立新型文化企业培育库，构建梯度培育机制，加强政策支持、资源要素对接和公共服务支撑，发展壮大一批数字文化内容生产传播企业、数字文化支撑技术研发企业、数字文化装备制造企业、数字文化平台企业。<br/> 2.文化产业示范园区（基地）提升计划：修订自治区级文化产业示范园区（基地）管理办法，支持自治区级文化产业示范园区（基地）提升供给能力、健全服务体系、提高服务水平，发挥引领示范和辐射带动作用。到2025年，建成国家级文化产业示范园区1个，国家文化产业示范基地10个，自治区级文化产业示范园区10个，自治区级文化产业示范基地70个。<br/> 第四节 优化文化产业发展环境<br/> 研究制定出台有关文化产业促进方面的地方性法规和政府规章，完善文化产业发展规划，落实文化产业发展扶持政策，增强政策法规合力，吸引更多社会资本投资文化产业。探索文化资产管理、文化产业融资租赁、文化保险担保等金融业务创新，提升金融服务文化产业发展水平。搭建文化创作交流、交易平台，提升文化创意商业转化效率。推进文艺演出、内容创作等知识产权保护，保障市场主体合法权益。完善区域文化产业合作机制，加大与周边省区、东部发达省区合作力度，构建优势互补、联动发展格局。深化文化产业国际合作，积极发展对外文化贸易，拓展海外文化市场。第五章 高质量发展旅游业<br/> 依托优势资源，抓住重大机遇，聚焦补短板、强优势、创品牌，以创新为核心，以高质量发展为主题，引领宁夏旅游实现全域化、特色化、品质化发展。<br/> 第一节 定位创新，打造高品质旅游目的地<br/> 把握形势与机遇，顺应环境与趋势，彰显特色与优势，立足宁夏，放眼全国，展望世界，全力把宁夏打造成为大西北旅游目的地、中转站和国际旅游目的地。一、建设大西北旅游目的地<br/> 紧抓大西北旅游热潮机遇，树立目的地意识，通过整合优势资源，统筹各方力量，努力把宁夏打造成为游客向往的观光休闲度假目的地。<br/> 构建宁夏旅游环线。以整合资源，集中优势、塑造品牌、形成合力为目标，依托北部资源富集、交通便利优势，规划贯穿银川、石嘴山、吴忠、中卫的“北部大环线”，依托南部固原已有旅游环线基础，规划“南部小环线”，依托既有高速公路和国省干线贯通两条环线，打造覆盖宁夏的全域旅游环线。凸显旅游环线作用。发挥环线连接机场、高铁的“大交通”优势，完善沿线旅游风景道、旅游步道、旅游骑行道等“小交通”基础设施建设，配套汽车、房车、自行车租赁体系，结合游船线路、低空旅游等，打造“快旅慢游”的“服务环”。丰富环线旅游产品体系，深入挖掘沿线的黄河文化、星星故乡、酒庄休闲、红色文化、动感体验、长城遗址等优势资源，开发观光、度假、亲子、研学、康养等多元化主题旅游产品，力争把旅游环线打造成为地域文化荟萃的“文化环”、品牌旅游产品集聚的“旅游环”和特色产业融合发展的“产业环”。提升环线服务品质。环线节点配置一批特色民宿、特色餐饮、文创商店、自驾车营地、研学基地等。完善环线旅游公共服务体系，配套特色标识系统、解说系统、旅游集散中心、游客服务中心、驿站、观景台、旅游厕所、特色高速公路服务区等设施设备。利用信息化技术促进旅游环线管理和服务实现智慧化、便利化。盘活支线资源优势。着力推进“环线+支线”建设模式，鼓励各地通过打造支线将优势资源纳入环线，促进旅游客源由环线向各地支线分流，最终实现环线网络与干线网络的高效协同发展。<br/> 打造大西北休闲度假旅游目的地。把握后疫情时代旅游特点，转变发展理念，引导宁夏旅游业由观光旅游为主转向观光、休闲度假市场并重格局。依托宁夏天蓝、地绿、水美优质休闲度假环境，发挥空气质量与气候优势、生态环境优势、绿色食品产业等优势，大力发展休闲、度假、康养旅游。围绕“给心灵放个假”主题，发挥大漠、黄河、星空、酒庄等资源集聚优势，通过“星空+沙漠”“星空+酒庄”“星空+黄河”“星空+田园乡居”等，营造贺兰山下、六盘山上、长城内外、黄河两岸仰望星空、启迪心灵度假氛围，打造独具特色“中国星空休闲度假目的地”。提升休闲度假设施，丰富休闲度假活动，在周边区域市场打造“微度假+深体验”、在重点客源市场打造“野奢度假”“康养度假”品牌形象，把宁夏建设成为西北休闲度假目的地。二、建设大西北旅游中转站<br/> 积极参与西部陆海新通道建设，充分发挥宁夏在西部旅游交通中的集散功能，着眼银川周边300公里、500公里、800公里半径范围内区域旅游产品创新、线路整合、功能集成，把宁夏打造成为大西北旅游最便捷的中转站、集散中心和再出发基地。加密与省会城市和主要旅游客源城市航线，争取开通华东经银川至新疆、东北经银川至西南、华北经银川至西藏空中中转大通道，吸引更多航空中转游客。围绕中转航线，加大对航班起始城市旅游推介程度，积极推出银川、中卫、固原机场衔接周边景点的半日游、一日游直通车产品，吸引中转游客入宁旅游。开行北京、西安、上海、成都等国内主要旅游客源城市到达或途径银川、中卫等旅游专列，吸引更多铁路中转游客。加强与京藏高速、青银高速、青兰高速、福银高速、银昆高速沿线客源城市合作，开发途经宁夏的跨区域自驾游产品，使宁夏成为西部自驾游重要目的地。三、建设国际旅游目的地<br/> 加大国际旅游市场开拓力度，对接国际经验和标准，努力建设一批富有文化底蕴的世界级旅游景区和度假区，重点打造国际沙漠旅游目的地和世界级葡萄酒文化旅游目的地。积极提升国际旅游接待设施水准，全面提高国际旅游服务水平，促进国际游客出入境便利程度，吸引更多国际游客来宁旅游。依托宁夏脱贫攻坚成果、生态治沙成果、平安建设成果等，向国际游客开发一批深度体验产品。面向“一带一路”沿线国家，加大推介与合作力度，通过举办丝绸之路主题论坛、峰会、博览会等，促进与沿线各国民心相通，吸引更多客源来宁考察、交流、旅游。四、推进全域旅游快速发展借助文化旅游产业列入自治区“九大重点产业”总体部署契机，组织推动落实《宁夏文化旅游产业高质量发展实施方案》，持续推进文化和旅游融合、产城共融的全域旅游示范区建设。认真贯彻落实国家、自治区促进旅游发展出台的系列政策举措，努力破除制约宁夏旅游发展的瓶颈与障碍，不断完善全域旅游发展的体制机制、政策措施、产业体系。构建良好自然生态环境、人文社会环境和放心旅游消费环境，实现全域宜居宜业宜游。发挥旅游“一业兴百业旺”带动作用，促进传统产业提档升级，孵化一批新产业、新业态，不断提高旅游对经济和就业的综合贡献水平。依托风景名胜区、历史文化名城名镇名村、特色景观旅游名镇、传统村落，积极探索名胜名城名镇名村“四名一体”全域旅游发展模式。增强全社会参与意识，建立部门联动、全社会参与的旅游综合协调机制。到2025年，力争全区有16个以上县（市区）成功创建自治区级全域旅游示范区，为创建国家全域旅游示范区打下坚实的基础。<br/> 第二节 产品创新，打造六大特色旅游品牌<br/> 把握市场规律、创新消费需求，深入挖掘宁夏文化和旅游资源，重点打造黄河文化、星星故乡、酒庄休闲、红色主题、动感体验、长城遗址六大主题旅游产品，形成具有标志性、引领性、带动性的宁夏特色旅游品牌。一、黄河文化品牌<br/> 围绕黄河流经宁夏800里，孕育“塞上江南”美名，造就“天下黄河富宁夏”的资源优势，充分挖掘黄河文化内涵，讲好黄河故事，擦亮黄河文化品牌，打造在全国有影响力、在世界有知名度的黄河文化旅游带，打响“天下黄河富宁夏”品牌。统筹做好黄河景观、黄河生态、黄河文化融合重组、挖掘转化、放大增值文章。依托黄河流域丰富的人文资源、地域文化特点和农耕文化特色，打造具有宁夏特色的文化旅游目的地。以建设黄河文化旅游带为引领，增加高品质旅游服务，大力开发具有宁夏特色的黄河文化体验产品、黄河乡村旅游产品、黄河旅游演艺产品。串联沙坡头，黄河坛，黄河大峡谷、军博园、黄沙古渡等主体景区，打造黄河文化精品旅游线路，实施精品民宿、研学旅行、主题客栈、自驾营地等特色旅游项目，探索发展黄河文化旅游新产品新业态，培育发展沿黄文化旅游核心带，创建黄河国家级旅游度假区。依托黄河生态旅游带打造文化创意、会展服务、商务旅游等高端文化旅游产业集聚区。加强黄河文化旅游市场推广，办好黄河感恩节、黄河文化旅游节、黄河金岸（吴忠）国际马拉松、中国宁夏（沙坡头）·丝绸之路大漠黄河国际文化旅游节、黄河数字音乐节等节事活动。加强沿黄流域省区交流合作，联手推动文化遗产保护、文化旅游产业发展，共同促进黄河“几”字弯区域联动协作，打造具有世界影响力的黄河文化旅游品牌。<br/> 专栏 7 “黄河文化”品牌重点项目<br/> 1.创建国家级旅游度假区：支持银川市创建黄河国家级旅游度假区，优化项目布局，完善配套设施，提升服务品质。<br/> 2.建设黄河风景大道：以滨河大道、滨河旅游大道为主轴，打造宁夏黄河旅游风景大道，增设观景台、体验区、古遗址保护展示区等，配套一批民宿、露营地、观星基地等。<br/> 3.建设黄河特色公园：推出一批以黄河文化要素为核心的标志性遗址公园、文化生态公园、红色主题公园等，建设更具亲和力、体验感的主客共享空间。<br/> 4.提升黄河文化主题旅游景区：推动黄河大峡谷5A级景区创建，促进沙坡头旅游景区、沙湖旅游景区、黄沙古渡原生态旅游区、鸣翠湖国家湿地公园、黄河军事文化博览园、黄河坛、石嘴子公园、黄河古渡坊、天河湾黄河国家湿地公园等景区提档升级。<br/> 5.建设黄河特色旅游小镇：打造一批黄河特色旅游小镇，实施银川黄河艺术生态小镇项目，建设集艺术学院、黄河文化和非遗传承、康养度假、都市生态农业、生态环境修复治理为一体的综合性文化艺术生态小镇。二、星星故乡品牌<br/> 立足宁夏星空资源和观测优势，高品质规划星空体验、星空旅游产品，打造具有国际影响力的星空特色旅游目的地，打响“神奇宁夏·星星故乡”品牌。以体验“浪漫星空”为主题，创新“大漠星空”“黄河星空”“长城星空”“高山星空”“草原星空”等系列旅游产品，开发星空研学、星空探秘、星空展示、星空婚庆、星空摄影、星空夜跑等专项旅游产品，推出住星星酒店、品星空夜宴、看星空演艺、听星空讲座等多元深度体验活动。完善星空旅游载体，围绕大漠、高山、黄河、长城等遴选最佳观星地点，建设一批以星空为主题元素的旅游景区，打造一批特色观星基地、星空营地，开发一批星空主题新业态产品。持续办好“星空朗读”、星空大会等品牌活动。积极培养一批星空旅游专业人才，不断提升星空旅游专业服务水平；制定星空旅游服务标准，扶持星空旅游相关组织。加强与国内外重要天文场馆、旅游营销服务商之间的合作，全力推广宁夏星空旅游产品。<br/> 专栏 8 “星星故乡”品牌重点项目<br/> 1.建设观星基地：建设沙坡头观星基地、大漠星河观星营地、沙湖观星基地、贺兰山星空露营基地、六盘山观星基地等20个特色观星基地。<br/> 2.提升星空主题景区：提升沙坡头、沙湖、哈巴湖、拉巴湖等景区，完善观星设备，提供观星服务。<br/> 3.建设星空体验主题项目：推出一批星空酒店、星空帐篷、星空餐厅、星空咖啡厅等星空主题项目。<br/> 4.扶持星空旅游组织：扶持发展一批星空俱乐部、天文爱好者俱乐部等，定期举办星空观测、天文沙龙、天文讲座等活动。<br/> 5.培养星空旅游人才：培养一批具有专业水准的星空讲师、星空导师、星空助教等。<br/> 6.制定星空旅游标准：制定观星基地开发与保护的技术要求、星空旅游服务流程与标准等，完善观星安全保障。发布宁夏观星指数。三、酒庄休闲品牌<br/> 紧紧抓住建设宁夏国家葡萄及葡萄酒产业开放发展综合试验区的历史发展机遇期，充分利用宁夏葡萄酒旅游在国内外旅游市场的独特性、区位性、唯一性，整合贺兰山东麓现有的史前文化、农耕文化、黄河文化、移民文化的地域内涵，探索挖掘具有中国葡萄酒产业特色的文化符号，加快酒庄旅游线路产品创新，葡萄酒文化和旅游产品提质升级，葡萄酒产业与康养产业融合，推动文化旅游产业与葡萄酒产业高质量融合发展，打造贺兰山东麓葡萄文化旅游产业发展带，打响“葡萄酒之都”品牌。丰富酒庄休闲产品体系，开发沿贺兰山、黄河酒庄观光旅游产品，打造以美酒、美食、美容、康养为主题的酒庄度假产品，推出接待商务会议、商务活动、团建拓展业务的酒庄商务旅游产品，开拓酒庄婚庆、研学、亲子等专项旅游产品。丰富酒庄休闲旅游载体，推进酒庄休闲旅游集聚开发，培育一批特色葡萄酒小镇、葡萄酒主题旅游风景道，配套葡萄主题公园、主题民宿、葡萄酒文化博物馆、展示馆、酒吧街等吸引物。完善酒庄休闲旅游公共服务体系，修建连通酒庄和沿线景区的旅游公路、骑行道、步道、观光小火车等，建设葡萄旅游集散中心。支持闽宁镇建设葡萄酒品牌总部基地，打造集商务办公、企业孵化、国际会议、金融服务、产品展示、休闲娱乐等功能于一体的现代化新型产城综合体。举办国际葡萄酒展览展会、世界葡萄酒相关论坛、红酒马拉松等葡萄酒主题品牌赛事活动，讲好宁夏葡萄酒故事，让中国葡萄酒从贺兰山东麓走向世界。<br/> 专栏 9 “酒庄休闲”品牌重点项目<br/> 1.打造酒庄旅游精品线路：以新修建的旅游公路为葡萄旅游主轴，串联沿线景点、酒庄，打造贺兰山东麓酒庄旅游精品线路；以黄河为脉，串联沿线景区、酒庄和宁夏引黄古灌区，打造黄河两岸酒庄旅游精品线路；依托银川市、石嘴山市、吴忠市、中卫市，串联沿途景区、酒庄等，打造城市环线酒庄旅游精品线路。<br/> 2.建设葡萄酒主题旅游风景道：建设贺兰山东麓葡萄酒旅游风景道，配套一批房车营地、旅游驿站、酒店、餐厅等服务设施。<br/> 3.建设葡萄酒文化体验项目：打造一批葡萄酒主题公园、主题民宿、葡萄酒文化博物馆、展示馆等葡萄酒文化体验项目。<br/> 4.打造葡萄酒酒吧街：建设集葡萄酒展示、城市酒窖、销售、品鉴、娱乐、推广于一体的酒吧一条街。四、红色主题品牌<br/> 依托红色资源、发扬红色传统、传承红色基因，深度挖掘宁夏红色文化精神内涵和时代价值，认真践行习近平总书记“走好新时代的长征路”伟大号召，打造西北红色文化旅游高地，打响“万里长征结束地、新时代长征出发地”品牌。推出一批以“重走长征路”为特色体验的旅游产品，大力发展以纪念馆、博物馆展示为内容的长征精神体验传承产品，以思政教育、文化研学、团建拓展、干部培训为内容的红色教育培训产品，以长征专题会议、长征主题展览、长征专题研讨等为内容的长征会议会展产品，以乡村休闲、避暑度假、民俗文化、节庆赛事、红色旅游为内容的文化和旅游融合深度体验产品。打造一批以“走好新时代长征路”为主题的旅游产品，全面展示闽宁协作脱贫攻坚成果、宁夏工业辉煌历史，彰显“社会主义是干出来的”时代精神。以建设长征国家文化公园为契机，完善红色旅游载体，培育一批红色小镇、红色乡村、红色旅游经典景区，推出一批红色旅游精品线路，打造一批红色旅游演艺产品，开发一批红色文创商品。提升红色文化展陈方式，借助科技化、艺术化手段开发沉浸式体验产品，增强红色教育现场感和时代感。大力拓展红色研学旅行和红色教育培训市场，做强本地市场，做大外地市场。<br/> 专栏 10 “红色主题”品牌重点项目<br/> 1.培育一批红色旅游村镇：重点打造西吉县将台堡镇、兴隆镇、毛沟村红军寨、单家集村，原州区张易镇、杨郎镇，隆德县城关镇、辛坪村，彭阳县古城镇、城阳乡、长城村，泾源县瓦亭村，同心县预旺镇、下马关镇、沟滩村，盐池县花马池镇、麻黄山乡、李塬畔村，平罗县黄渠桥镇、黄渠桥村，红寺堡区弘德村，海原县关桥乡关桥村等一批红色旅游村镇。<br/> 2.提升一批红色旅游景区：推进六盘山红军长征景区、将台堡红军长征会师纪念园、同心红军西征纪念园等长征国家文化公园核心园建设；推进单家集毛主席宿营地、青石嘴战斗遗址、彭阳古城、乔家渠、小岔沟毛主席长征宿营地等重要节点建设；提升中宁县革命烈士纪念碑、李吉武纪念亭、李塬畔革命旧址等红色景点；充分运用数字化技术提升六盘山红军长征纪念馆、将台堡三军会师展厅、同心红军西征纪念馆、国务院直属干部学校历史陈列馆、黄渠桥红色革命教育基地等展陈水平。<br/> 3.开发一批红色旅游演艺产品：围绕将台堡会师、单家集夜话、王贵与李香香等红色历史、红色故事，培育歌舞剧、情景剧、话剧等旅游演艺产品。<br/> 4.打造一批红色旅游经典线路：（1）“红旗漫卷六盘山”精品线路：六盘山长征纪念馆—单家集红军长征遗址—中国工农红军长征将台堡会师纪念碑—青石嘴战斗遗址—同心红军西征纪念园—盐池县革命烈士纪念园。（2）“金沙滩·山海情”精品线路：闽宁镇原隆村—棚湖湾树莓生态景区—原隆村扶贫工坊—永宁县赵家农民文化大院—稻渔空间生态园—宁夏生态移民就业创业示范基地广场。（3）中央红军（红一方面军）长征体验线路：西吉县公易镇—兴隆镇单家集—原州区张易堡—六盘山—青石嘴村—彭阳县小岔沟村—彭阳古城址（白杨城）—乔渠村。（4）红二十五军长征体验线路：兴隆镇单家集—隆德县城—六盘山—泾源瓦亭村。（5）红二方面军长征体验线路：西吉平峰镇—西吉将台堡—海原关桥堡—同心城。（6）红军西征体验线路：盐池县城—同心韦州城—同心下马关镇—同心豫旺堡—同心吊堡子—海原七营镇—西吉将台堡—同心城。五、动感体验品牌<br/> 依托宁夏地貌多样，高山、峡谷、大漠、戈壁、森林、草原、丘陵、湿地交错分布的环境优势，顺应市场需求，开发各类户外运动产品，打造西北户外运动基地，打响“野奢宁夏”品牌。大力发展沙漠徒步、户外探险、低空跳伞、汽车越野、冰雪运动、自行车、马拉松等健身运动、极限体验活动，构建以沙漠运动、山地运动、水上运动、低空运动、冰雪运动和体育赛事为核心的户外运动旅游产品体系。加快高等级户外运动场地设施建设，培育专业户外运动组织，完善户外运动配套服务体系，做好户外运动安全保障。创建一批国家体育旅游示范项目，建设一批运动休闲特色小镇，打造一批有影响力的户外运动景区和目的地。举办宁夏·银川国际马拉松赛、宁夏黄河金岸国际马拉松赛、全国大漠健身运动大赛、全国越野车大赛、贺兰山(石炭井)大峡谷汽车越野拉力赛等一批赛事。积极融入国内外户外运动、体育旅游宣传推广平台，大力引进国内外精品赛事、大众赛事活动，努力提升动感体验品牌市场影响力。<br/> 专栏 11 “动感体验”品牌重点项目<br/> 1.打造国家体育旅游示范项目：提升沙坡头国家体育旅游示范基地，打造国家级沙漠运动基地；打造红寺堡航空航天模型锦标赛为国家体育旅游精品赛事；打造六盘山、贺兰山等国家级山地户外运动基地。<br/> 2. 建设高等级户外运动场地设施：打造一批高品质户外运动基地、营地、公园，建设一批高等级越野赛道、骑行道、滑雪道、徒步道等。<br/> 3.推进户外运动融合发展：积极推动户外活动进景区、户外活动与旅游节会结合，实现“一景区有一项目，一节会带一活动”。<br/> 4.培育户外运动组织：支持经营性户外运动俱乐部快速发展，鼓励各类中小微户外企业向“专、精、特、新”方向发展，强化特色经营、特色产品和专业服务。大力支持各类非营利性的户外运动项目协会、联合会、俱乐部等社会组织发展。<br/> 5.完善户外运动配套服务体系：完善户外营地服务设施体系、户外通信照明体系、户外活动培训体系、户外医疗救援体系以及户外运动后勤服务体系。六、长城遗址品牌<br/> 依托宁夏古长城遗址等边塞军事文化资源，统筹保护与开发，打造以古代军事文化观光旅游和体验为主题的文化旅游产业发展带，打响“中国长城博物馆”品牌。依托长城沿线历史、人文、自然资源，完善长城主题旅游产品体系，大力开发长城研学、科考、露营、观星、摄影等专项旅游产品，持续举办长城路跑、长城徒步、长城骑行等长城主题运动产品，推出弘扬“不到长城非好汉”精神的长城红色旅游产品，创新开发以长城遗址为背景的特色文艺演出活动，开发长城自驾游精品。以建设长城国家文化公园为契机，完善长城旅游基础设施，建设和提升一批长城文化主题展示场馆，打造一批长城主题旅游景区，建设长城步道系统和长城旅游风景道，完善长城旅游公共服务体系。积极推进长城旅游市场培育，策划组织长城文化艺术节、长城民俗文化节事活动，举办“烽火长城”路跑活动，开展“爱长城、爱家乡、爱中华”主题长城旅游公益活动，鼓励社会力量参与长城保护与开发。加大与长城沿线省市合作力度，积极融入“中国长城旅游市场推广联盟”，共同开发长城精品旅游线路和产品，提升宁夏长城品牌影响力。<br/> 专栏 12 “长城遗址”品牌重点项目<br/> 1.建设和提升长城文化主题展示场馆：建设宁夏长城非物质文化遗产展览馆等一批展示馆、陈列馆，提升宁夏长城博物馆等长城文化展陈水平。<br/> 2.建设和提升长城主题旅游景区：推进兴武营段、安定堡段、三关口段、胜金关段、海原段等长城旅游基础设施建设，提升水洞沟、黄河横城旅游度假区、盐州古城等景区。<br/> 3.建设长城步道系统：规划建设宁夏东长城、西长城、固原内边、战国秦长城建设长城步道系统。<br/> 4.建设长城旅游风景道：建设毛卜喇城址—横城堡城址、十六堡—安定堡、西安—甘盐池、内边长城、北长城等一批长城旅游风景道。<br/> 5.完善长城旅游公共服务体系：建设长城沿线游客接待中心、驿站、营地、休憩区、旅游厕所等服务设施，完善长城沿线标识系统。<br/> 第三节 要素创新，推动旅游全产业发展<br/> 打破围绕“游”为核心要素、配置“食”“住”“行”“购”“娱”等辅助性要素的传统局面，树立“每一个要素都是一种独立业态”的理念，鼓励各要素独立创新产品与服务，打造全新业态，延伸价值链条，促进旅游全产业发展。一、打造一批精品旅游景区<br/> 实施景区铸魂提质增效工程，突出“景区业态、内涵品质、综合功能、配套设施、管理服务”五大重点，推进景区转型升级、产品创新和要素聚集，提升景区产品品质和服务水平，打造一批高品质旅游景区和度假区。加快推进青铜峡黄河大峡谷、六盘山红军长征旅游区创建国家5A级旅游景区，持续培育和评定一批4A级旅游景区，力争2025年5A级旅游景区达到7家、国家级旅游度假区达到2家、4A级旅游景区达到37家以上。<br/> 推动创建国家级旅游休闲示范城市，打造旅游休闲功能突出、旅游休闲产业完善、旅游休闲环境和谐的主客共享城市空间。科学规划城市休闲空间，提升城市广场、市民文化活动中心等城市文体活动公共空间，开发旅游休闲购物、美食酒吧等城市经营性休闲空间。丰富城市各类文化活动、文艺演出、体育赛事等旅游休闲活动。推出一批夜间休闲游览项目和夜间旅游观光线路。推动创建国家级旅游休闲街区，打造具有鲜明文化主题和地域特色，具备旅游休闲、文化体验和公共服务等功能的主客共享街区空间。以文化为特色，加强街区历史文化遗产保护和合理利用，提升街区文化内涵和生命力；以旅游为附着点，用景区创建标准和旅游六要素概念优化提升街区环境和服务品质；以业态为核心，丰富现代化、多元化、个性化产品供给，提升街区吸引力和消费力。<br/> 专栏 13 旅游精品景区建设工程<br/> 1.5A级旅游景区创建工程：加快推进青铜峡黄河大峡谷、六盘山红军长征旅游区等成功创建国家5A级旅游景区；实施西夏陵、贺兰山岩画、贺兰山国家森林公园、黄沙古渡、军博园+黄河外滩、北武当生态旅游区、盐州古城历史文化旅游区、寺口子景区等创建5A级景区项目提升。<br/> 2.旅游度假区创建工程：积极推进黄河旅游度假区、贺兰山东麓旅游度假区、沙坡头旅游度假区、六盘山旅游度假区、大沙湖旅游度假区创建工作，新增国家级旅游度假区1个、省级旅游度假区5个。<br/> 3.旅游休闲街区建设工程：提升银川大阅城及宁夏观光夜市街区、西夏怀远夜市街区、石嘴山汉唐九街特色旅游街区、吴忠光耀美食街区、固原九龙国际文化和旅游街区、中卫高庙特色旅游街区等一批特色旅游休闲街区。二、促进旅游住宿业差异化发展<br/> 持续提升星级酒店、经济型酒店等传统住宿业态品质，积极开发主题酒店、旅游民宿等新型住宿业态，构建布局合理、特色鲜明的多层次旅游住宿体系。重点打造“黄河”“葡萄酒”“枸杞”“长城”“大漠星空”等文化主题酒店、品牌民宿。在黄河沿岸、长城沿线、六盘山、贺兰山等区域规划建设一批帐篷营地、房车营地。大力推行品牌化管理、连锁化经营，促进宁夏旅游住宿规范化、品质化、特色化、绿色化发展。鼓励发展共享住宿，探索旅游共享经济模式。鼓励智慧酒店建设，创新旅游住宿体验。三、推动旅游餐饮业内涵式发展<br/> 积极实施“文化+餐饮+旅游”工程，将历史文化、乡风民俗、自然生态等元素与餐饮相结合，继承和发扬传统饮食文化，打造“美食宁夏”品牌。重点开发以吴忠早茶、枸杞宴等为代表的特色餐饮品牌，形成地方特色餐饮体系，营造精致餐饮空间，优化特色餐饮体验。推广银川大阅城宁夏观光夜市经验，建设一批多元化、融合型特色餐饮街区。开展旅游特色餐饮体验店、旅游特色餐饮厨师定期评比活动。举办各类文化餐饮体验活动，扩大宁夏美食知名度。到2025年，建成一批特色餐饮街区，培育一批知名宁夏特色美食品牌店。四、推进旅游商品业智创式发展<br/> 依托宁夏特色资源，做特商品，做足文化，做强品牌，做大产业，打造“宁夏伴手礼”品牌。积极促进旅游商品设计与研发，依托宁夏葡萄酒、枸杞、滩羊、贺兰砚、羊绒制品等特色资源，结合非遗项目，打造文化内涵丰富、时尚气息突出的宁夏旅游商品系列。建设特色旅游购物街区和购物场所，优化旅游购物环境。以机场港口为支撑，积极引入国际免税企业集团建立旅游免税购物区。依托区内各大产业园区、主要旅游景区，推动建立集生产、销售、物流于一体的专业化旅游购物中心。依托重点旅游城市、旅游小镇，加快建设一批主题型旅游休闲购物街区。五、丰富旅游娱乐体验产品<br/> 立足宁夏特色地域文化，打造一批精品文化主题娱乐项目，丰富休闲体验业态。推出宁夏坐唱、花儿表演等中小型、主题性、特色类旅游演艺精品，开发小剧场文化娱乐消费产品。优化文化、旅游场所的夜间娱乐活动，围绕夜景、夜市、夜空等推出形式多样的夜间景观、旅游演艺、商街夜市等活动，打造夜游、夜购、夜宵品牌。加强与国内国际演艺机构、文化艺术社会团体合作，吸引知名娱乐项目进驻宁夏，丰富本地旅游娱乐内容。引进和培育旅游演艺龙头企业，打造具有国际水准的旅游演艺项目。六、加强旅游交通设施建设<br/> 积极推进交通运输与旅游融合发展，拓展新功能、开发新产品，形成新业态。全面提升机场、高铁站、汽车站等客运枢纽旅游服务功能，改造升级枢纽内旅游信息服务系统、标识引导系统等设施，增强自驾游服务等功能。提升高速公路服务设施旅游功能，推动高速公路服务区向交通、生态、旅游、消费等复合功能型服务区转型升级。鼓励在国省干线路侧空间富裕范围设置驿站、简易自驾车房车营地、观景台等设施，完善旅游服务设施。推进旅游交通产品和业态创新，重点开发精品自驾游产品、黄河游轮游艇产品、特色旅游专列产品、低空旅游产品等，培育自驾游、房车游和营地连锁品牌企业，建设低空旅游产业园、通航旅游小镇与飞行营地。<br/> 第四节 服务创新，提升旅游全流程体验一、创新旅游精细化服务<br/> 应对消费升级大背景，着眼游客需求细节，全面提升旅游服务品质，推动宁夏旅游服务由简单粗放型向精致化、细节化服务转型。在全区旅游行业营造“服务无止境，满意无终点”旅游服务创新氛围，使精细化服务理念深入人心。以旅游景区、旅游企业为主体，激励广大旅游从业人员积极探索精细化服务方式，构建自下而上的全区旅游服务质量管理新模式。建立旅游精细化服务案例库，加强宣传推广力度，打响宁夏旅游服务品牌，开创宁夏旅游服务新局面。二、创新景区金钥匙服务<br/> 积极引入旅游景区金钥匙服务，推动与国际化服务标准接轨，实现宁夏旅游景区服务提质升级。以“用心极致，满意加惊喜”为宗旨，倡导主动服务、互动服务、暖心服务意识，组建景区金钥匙服务团队，培养金钥匙旅行管家，设立景区金钥匙服务岗亭，开展景区一站式服务、私人定制服务等，全方位满足游客旅游需求。围绕景区金钥匙服务创新工作，及时总结服务经验，挖掘服务故事，树立服务典型，发挥榜样示范引领作用。三、健全自驾游服务体系<br/> 围绕宁夏旅游环线建设，打造便利化、品质化、智慧化自驾游服务体系。制定风景道、旅游骑行道、旅游步道建设标准，完善道路主体、路侧游憩服务设施、路侧景观环境建设。规范旅游环线标识体系，加强环线与支线的道路指引、景观解说标识配置。完善便捷租赁体系，实现多点租车、异地还车服务。开发房车旅游产品，建设专业化、主题化房车营地，打造“玩房车，到宁夏”品牌。鼓励驿站、营地等实行品牌化、连锁化经营。开发旅游环线自驾游信息平台和服务软件，实现信息集散、交通导引、安全监管、救援保障等功能集成，提升自驾游智能化管理服务水平。四、构建便捷交通服务体系<br/> 加快完善航空、高铁、高速公路等快速交通网络，依托以银川为中心的沿黄2小时通勤圈和全域3小时出行圈，构建“区内畅通、周边联通、全国融通”的旅游交通体系，使游客“进得快、玩得多”，实现“快旅”服务。积极推进旅游风景道、旅游步道、骑行专线等旅游功能性道路建设，布局旅游驿站、旅游集散服务点、自驾车营地等设施，开发公路自驾游、房车旅游、自行车骑行、徒步等产品，使游客“游得慢、玩得好”，实现“慢游”服务。五、完善旅游公共服务体系<br/> 推进旅游集散中心建设工程，依托全区重点旅游片区及主要交通枢纽，构建旅游集散服务中心体系，完善各类功能，提升服务能力。推进旅游标识系统提升工程，按照国家标准，在高速公路网、城市旅游交通网、区域路网通往主要旅游景区景点的出入口设置旅游交通导引标识牌系统，统一规范形象，逐步增加覆盖密度。实施旅游厕所示范工程，构建旅游厕所管理服务信息化平台，建设一批内部功能完善、服务配套齐全的示范性厕所。<br/> 专栏 14 旅游公共服务体系建设工程<br/> 1.旅游交通建设工程：建设黄河金岸旅游风景道、贺兰山东麓风景道、长城国家文化公园临河至宁东长城风景道等精品旅游风景道15条，新建改扩建通景道路20条，新建改扩建旅游停车场不少于50个，进行充电设施改造的现有旅游停车场不少于31个，建设自驾车房车营地20个。<br/> 2.旅游集散中心建设工程：加快银川机场、中卫机场、吴忠高铁站、中卫高铁南站、石嘴山高铁南站等交通枢纽地区旅游集散中心建设，加强黄河旅游度假区、贺兰山东麓旅游度假区等主要旅游区旅游集散中心、游客服务中心建设，新建改扩建旅游集散中心不少于10个，游客服务中心不少于50个。第六章 推进文化和旅游全业态融合<br/> 顺应文化和旅游融合发展的新趋势新要求，坚持以文塑旅、以旅彰文，推动文化和旅游深度融合，推进文化和旅游与相关产业融合，促进业态融合、产品融合、市场融合，实现优势互补，形成发展合力。<br/> 第一节 促进文化和旅游深度融合<br/> 积极推动宁夏文化和旅游深度融合、创新发展，打造以文化提升旅游内涵，以旅游传播文化特色的双生共赢良好局面。一、以文塑旅，提升旅游的品质和内涵<br/> 依托文化文物资源培育旅游产品、提升旅游品位、丰富旅游业态、增强产品吸引力，拓展旅游发展空间。深入挖掘宁夏地域文化特色，把历史文化与现代文明融入旅游发展，打造更多体现文化内涵、人文精神的旅游精品；将黄河文化、长城文化、红色文化、丝路文化、水利文化等文化内容、文化符号、文化故事融入景区景点开发与建设，使文化成为景区景点金字招牌；把中华优秀传统文化、革命文化、社会主义先进文化纳入旅游线路设计、展陈展示、讲解体验，使宁夏旅游成为精神之旅、文化之旅。支持开发集文化创意、休闲度假、康体养生等主题于一体的文化旅游综合体。鼓励旅游场所丰富文化服务功能，增强旅游公共服务设施文化内涵，推出一批具有文化内涵的旅游商品。二、以旅彰文，扩大文化的传播与影响<br/> 发挥旅游公众参与多、传播范围广、市场化程度高等优势，用好景区、景点、导游、游客等媒介，传播弘扬中华优秀传统文化、革命文化和社会主义先进文化，讲好宁夏故事，让旅游成为文化传播和践行社会主义核心价值观的重要窗口。积极推动演艺娱乐、创意设计、动漫游戏、电竞赛事等文化产业与旅游业融合发展，焕发生机与活力。推进博物馆、美术馆、图书馆、剧院、非物质文化遗产展示场所等丰富旅游功能，培育主客共享美好生活新空间。鼓励专业艺术院团与重点旅游目的地合作，打造特色鲜明、艺术水准高的专场剧目。<br/> 第二节 建设文化和旅游融合精品项目<br/> 全面落实国家文化公园建设方案总体要求，扎实推进宁夏段黄河、长征、长城国家文化公园建设，科学规划管控保护区、主题展示区、文旅融合区和传统利用区四类主体功能区，以文化遗产保护为前提，积极推进文化和旅游深度融合，大力实施保护传承、研究发掘、环境配套、文旅融合、数字再现五大基础工程，努力推进国家文化公园建设走在全国前列，做出成效、形成示范。一、建设黄河国家文化公园<br/> 规划建设集文化教育、公共服务、旅游观光、休闲娱乐、科学研究等功能于一体的黄河国家文化公园。加强引黄古灌区、古村镇、古遗址等文化遗产保护，建设黄河特色公园空间，推出一批以黄河文化要素为核心的标志性遗址公园、文化生态公园、红色主题公园等。深度挖掘、优化整合黄河沿线城市历史文化和生态资源，高起点、高标准建设黄河国家文化公园，将其打造成为国家爱国主义教育示范基地、国家文化产业示范基地和黄河文化传承彰显区，唱响“天下黄河富宁夏”品牌。二、建设长城国家文化公园<br/> 坚持“保护为主、抢救第一、合理利用、加强管理”的文物工作方针，全面保护长城文物和文化资源，深入挖掘长城文化价值、景观价值和精神内涵，建设长城国家文化公园成为国家形象特征、民族精神、国家价值观标识体系的主要组成部分以及彰显国家文化自信的重要地标。依托长城历史文化资源和长城沿线生态资源、特色产业，讲好长城故事、打造精品长城旅游线路，深度开发历史探秘、文化体验、教育研学、生态休闲、户外运动、低空飞行、康养度假等文化旅游业态和产品。加快完善黄河以东长城遗址沿线文化旅游基础设施和公共服务设施，建设文化和旅游及相关产业融合发展创新区，打响“中国长城博物馆”品牌，打造国家长城文化公园核心区。三、建设长征国家文化公园<br/> 统筹建设集传承弘扬保护、爱国主义教育、红色旅游研学、红色文化展示等多种功能为一体的长征国家文化公园。以长征沿线一系列主题明确、内涵清晰、影响突出的文物和文化资源为主干，以讲好长征故事、弘扬长征精神为核心，建设长征国家文化公园成为彰显中华民族精神、增强文化自信、展现国家形象、传承红色基因的重要平台。依托长征沿线自然生态、人文历史资源特色与交通区位优势，坚持“最小干预”和预防性保护，保护长征文物的原真性与完整性，深入开展建设和保护研究工作，强化资源整合，推进“红绿融合、文旅融合、产业融合”，力争建设成为长征国家文化公园的重要纪念高地、传承弘扬高地、研究体验高地、长征国家精神文化地标和国内知名的红色旅游目的地。<br/> 专栏 15 国家文化公园重点工程<br/> 1.黄河国家文化公园建设保护项目：实施宁夏引黄古灌区世界灌溉工程遗产展示中心、银川市黄河国家文化公园兴庆段历史文化名城改造项目、银川黄河军事文化博览园旅游基础设施建设项目，石嘴山市平罗县黄河文化生态复合廊道、石嘴山市黄河文化公园银河湾黄河文化湿地郊野公园项目，吴忠市青铜峡黄河国家文化公园古渠首重要遗产保护管理和配套基础设施项目、利通区国家黄河文化公园牛家坊文化和旅游融合项目、吴忠市黄河国家文化公园红寺堡段新时期红色文化旅游复合廊道项目，中卫黄河国家文化公园沙坡头段黄河文化主题展示馆项目、中卫黄河文化公园大湾段沙坡头配套设施、中卫黄河国家文化公园沙坡头段壁山铜矿遗址保护利用项目等项目。<br/> 2.长城国家文化公园建设保护项目：实施宁夏长城非物质文化遗产展览馆项目、宁夏长城数字再现及监测预警项目、银川市明长城三关口段文化旅游复合廊道项目、银川市长城国家文化公园（宁夏段）横城堡环境整治工程项目、盐池县长城关遗址保护利用项目、盐池县长城文化旅游复合廊道基础设施和公共服务设施配套项目、盐池县长城文化旅游融合区建设项目、同心县长城旅游风景道基础设施及景观绿道建设、同心县内边文化旅游复合廊道、原州区战国秦长城保护及旅游基础设施、石嘴山市长城国家文化公园（大武口段）西线旅游复合廊道项目、中卫市长城国家文化公园沙坡头胜金关段文化旅游复合廊道项目等项目。<br/> 3.长征国家文化公园建设保护项目：实施西吉将台堡中国红军长征纪念馆纪念园建设项目、原州区六盘山中央红军长征线路示范段建设项目、六盘山红军长征旅游区红色旅游提升项目、隆德红二十五军革命遗产保护利用工程、彭阳县小岔沟和乔家渠红色文化旧址保护利用项目、同心红军西征指挥部旧址修复项目等项目。<br/> 第三节 促进文化和旅游与相关产业融合<br/> 积极推进文化和旅游与相关产业跨界融合、协调发展，通过“文化做内容，旅游做市场”，催生新业态、创造新价值。一、促进业态融合<br/> 充分发挥旅游的平台与流量优势，积极促进文化和旅游与一二三产业融合，延伸产业链，提高附加值。促进文化旅游和农业融合，发展休闲农业、乡村旅游，围绕枸杞、葡萄酒、奶产业、绿色食品等产业，打造休闲农业的“红色”“紫色”“白色”“绿色”名片，实现农旅一体化发展。推进文化旅游与工业有机融合，开发一批工业博物馆、工业遗址公园、工业文化创意基地、工业旅游小镇等工业旅游景区，打造工业旅游新业态。推进文化旅游与服务业融合发展，促进康养旅游、体育旅游、研学旅游、商务会展旅游等新业态蓬勃发展，为全区经济发展注入新活力。二、促进产品融合<br/> 充分发挥文化旅游的创意、体验",其他,0.9836172807456472,True
