code,province,city,topic,date,url,content,content.1,label,score,is_match
104,安徽省,宿州市,灵璧县党政代表团赴江苏省泗洪县泗阳县学习考察,2024-03-07,https://fagaiwei.ahsz.gov.cn/fgzx/ztzl/szhzjdhzbfxczl/194625481.html,2月20日至21日，市委常委、县委书记时志远率党政代表团赴江苏省泗洪县泗阳县学习考察。考察团一行首先来到江苏省泗洪县，就泗洪县工业经济、文旅产业发展、乡村振兴、改革创新等方面进行考察学习，先后考察了鑫华汽配、斯迪克新材料、东磁新能源、新睿电子、佳晟光伏、洪泽湖大圆塘垂钓中心、临淮胜利家园、现代渔业产业（霸王蟹）融合发展示范区、白鹭湾生态谷、稻米文化馆、柳山市集等地，听取相关情况介绍。在泗阳县，考察团一行先后赴盛虹新材料、华蕈生物、凯锐太普、桃园大桥、金牌橱柜、吉荣新材料、永益食品等多个重点项目现场，了解泗阳县在产业升级、科技创新、基础设施建设以及民生改善等方面的具体做法和成效。,2月20日至21日，市委常委、县委书记时志远率党政代表团赴江苏省泗洪县泗阳县学习考察。考察团一行首先来到江苏省泗洪县，就泗洪县工业经济、文旅产业发展、乡村振兴、改革创新等方面进行考察学习，先后考察了鑫华汽配、斯迪克新材料、东磁新能源、新睿电子、佳晟光伏、洪泽湖大圆塘垂钓中心、临淮胜利家园、现代渔业产业（霸王蟹）融合发展示范区、白鹭湾生态谷、稻米文化馆、柳山市集等地，听取相关情况介绍。在泗阳县，考察团一行先后赴盛虹新材料、华蕈生物、凯锐太普、桃园大桥、金牌橱柜、吉荣新材料、永益食品等多个重点项目现场，了解泗阳县在产业升级、科技创新、基础设施建设以及民生改善等方面的具体做法和成效。,政府领导到其他城市考察学习或访问,0.0,True
104,安徽省,宿州市,杨军率市党政代表团赴宿迁市学习考察,2024-01-18,https://www.ahsz.gov.cn/zwzx/zwyw/194515721.html,1月17日，市委书记杨军率市党政代表团赴宿迁市学习考察，学习借鉴宿迁市改革发展先进经验，深化交流对接，强化协作质效，共谋推动高质量发展的新思路新举措。宿迁市委书记陈忠伟陪同考察并主持召开两市交流座谈会。宿州市委副书记、市长王启荣，宿迁市委副书记、市长刘浩分别介绍了两市经济社会发展情况。宿州市领导赵琳、许广斌、任东、祖钧公、刘天卓、时志远、欧冬林、怀颖、吴绪峰、彭飞及市政府秘书长李荣权参加学习考察并出席座谈会。宿迁市领导王益、冯岩、卞建军、王逍霄、何泓、王守兵及市政府秘书长骆志弘分别陪同或出席座谈会。。交流座谈会上，杨军说，宿州和宿迁地缘相近、人缘相亲，一直以来是好邻居、好伙伴、好朋友。近年来，宿迁市委、市政府围绕“省内作出更大贡献、全国奋力争先进位”目标定位，在加快建设“强富美高”新宿迁上取得了十分亮眼的成绩单。通过考察，我们更加清晰地感受到宿迁市经济发展活力十足，现代产业动力十足，城乡环境魅力十足，改革创新魄力十足，蓬勃发展的态势令人印象深刻，深受触动和启发。与宿迁一样，近年来，宿州市抢抓长三角一体化、中部地区高质量发展、淮河生态经济带建设等战略机遇，发展思路进一步明晰，发展能级进一步提高，发展动力进一步增强，发展环境进一步优化，现代化新宿州建设阔步前行。随着长三角一体化等战略的深入实施，宿州、宿迁都迎来了新的难得发展机遇。希望两地建立常态化对接合作机制，进一步加强交通设施合作，强化跨区域规划衔接，推动两地基础设施互联互通、共建共享；进一步加强文化旅游合作，联手开发精品旅游线路，共同打造特色文化和旅游品牌；进一步加强生态保护合作，推进大气污染和水污染联防联控，建立双方定期会商、上下游联动、互相预警机制；进一步加强产业发展合作，建立产业合作联络协调机制，广泛开展对接活动，加快推动产业集群化发展，促进两地合作取得更多丰硕成果。。陈忠伟代表宿迁市委、市人大常委会、市政府、市政协对宿州市党政代表团的到来表示欢迎，并向宿州长期以来给予宿迁发展的关心支持表示感谢。他说，宿州与宿迁风俗相近，交流相密，是两座具有特殊缘分的“兄弟”城市。近年来，宿州市围绕打造“一城两区三基地”、奋力冲刺全国百强市、全面建设现代化新宿州三大奋斗目标，务实苦干、创先争优，经济增长速度较快，产业发展特色鲜明，深化改革走深走实，乡村振兴成效显著，始终保持良好发展态势。跟宿州一样，近年来，宿迁始终保持积极向上的奋进姿态，更富成效推动经济稳健增长，更大力度维护社会安全稳定，更加用心保障人民幸福安康，各项事业发展取得了长足进步。宿迁将坚持以习近平新时代中国特色社会主义思想为指导，全面落实省委、省政府工作要求，以奋进的目标引领现代化建设，以工业和服务业的双轮驱动促进经济持续稳健增长，以“四化”同步集成改革释放源源不断的发展动能，奋力推动经济社会发展迈上新台阶。这次宿州党政代表团到宿迁考察，既是交流互动，更是传经送宝，给宿迁提供了难得的学习机会。希望双方以此次活动为新的起点，在党政交往中互学互鉴，在重点领域中互联互通，在经济发展中互惠互利，共同书写携手并进、合作共赢的新篇章。。考察期间，代表团一行先后前往江苏洋河酒厂股份有限公司、京东智慧城、天合光能（宿迁）光电有限公司、海天醋业集团有限公司、宿城区王官集镇蝴蝶兰大世界等地，深入了解学习宿迁市在产业转型、城市建设、科技创新等方面的好经验好做法。（记者 沈前程）,1月17日，市委书记杨军率市党政代表团赴宿迁市学习考察，学习借鉴宿迁市改革发展先进经验，深化交流对接，强化协作质效，共谋推动高质量发展的新思路新举措。宿迁市委书记陈忠伟陪同考察并主持召开两市交流座谈会。宿州市委副书记、市长王启荣，宿迁市委副书记、市长刘浩分别介绍了两市经济社会发展情况。宿州市领导赵琳、许广斌、任东、祖钧公、刘天卓、时志远、欧冬林、怀颖、吴绪峰、彭飞及市政府秘书长李荣权参加学习考察并出席座谈会。宿迁市领导王益、冯岩、卞建军、王逍霄、何泓、王守兵及市政府秘书长骆志弘分别陪同或出席座谈会。。交流座谈会上，杨军说，宿州和宿迁地缘相近、人缘相亲，一直以来是好邻居、好伙伴、好朋友。近年来，宿迁市委、市政府围绕“省内作出更大贡献、全国奋力争先进位”目标定位，在加快建设“强富美高”新宿迁上取得了十分亮眼的成绩单。通过考察，我们更加清晰地感受到宿迁市经济发展活力十足，现代产业动力十足，城乡环境魅力十足，改革创新魄力十足，蓬勃发展的态势令人印象深刻，深受触动和启发。与宿迁一样，近年来，宿州市抢抓长三角一体化、中部地区高质量发展、淮河生态经济带建设等战略机遇，发展思路进一步明晰，发展能级进一步提高，发展动力进一步增强，发展环境进一步优化，现代化新宿州建设阔步前行。随着长三角一体化等战略的深入实施，宿州、宿迁都迎来了新的难得发展机遇。希望两地建立常态化对接合作机制，进一步加强交通设施合作，强化跨区域规划衔接，推动两地基础设施互联互通、共建共享；进一步加强文化旅游合作，联手开发精品旅游线路，共同打造特色文化和旅游品牌；进一步加强生态保护合作，推进大气污染和水污染联防联控，建立双方定期会商、上下游联动、互相预警机制；进一步加强产业发展合作，建立产业合作联络协调机制，广泛开展对接活动，加快推动产业集群化发展，促进两地合作取得更多丰硕成果。。陈忠伟代表宿迁市委、市人大常委会、市政府、市政协对宿州市党政代表团的到来表示欢迎，并向宿州长期以来给予宿迁发展的关心支持表示感谢。他说，宿州与宿迁风俗相近，交流相密，是两座具有特殊缘分的“兄弟”城市。近年来，宿州市围绕打造“一城两区三基地”、奋力冲刺全国百强市、全面建设现代化新宿州三大奋斗目标，务实苦干、创先争优，经济增长速度较快，产业发展特色鲜明，深化改革走深走实，乡村振兴成效显著，始终保持良好发展态势。跟宿州一样，近年来，宿迁始终保持积极向上的奋进姿态，更富成效推动经济稳健增长，更大力度维护社会安全稳定，更加用心保障人民幸福安康，各项事业发展取得了长足进步。宿迁将坚持以习近平新时代中国特色社会主义思想为指导，全面落实省委、省政府工作要求，以奋进的目标引领现代化建设，以工业和服务业的双轮驱动促进经济持续稳健增长，以“四化”同步集成改革释放源源不断的发展动能，奋力推动经济社会发展迈上新台阶。这次宿州党政代表团到宿迁考察，既是交流互动，更是传经送宝，给宿迁提供了难得的学习机会。希望双方以此次活动为新的起点，在党政交往中互学互鉴，在重点领域中互联互通，在经济发展中互惠互利，共同书写携手并进、合作共赢的新篇章。。考察期间，代表团一行先后前往江苏洋河酒厂股份有限公司、京东智慧城、天合光能（宿迁）光电有限公司、海天醋业集团有限公司、宿城区王官集镇蝴蝶兰大世界等地，深入了解学习宿迁市在产业转型、城市建设、科技创新等方面的好经验好做法。（记者 沈前程）,政府领导到其他城市考察学习或访问,0.0,True
104,安徽省,宿州市,灵璧县党政考察团赴泗洪泗阳考察学习,2024-02-24,https://www.lingbi.gov.cn/zwxx/zwyw/160589601.html,2月20日—21日，市委常委、县委书记时志远，县人大常委会主任马实忠，县政协主席曹强，县委副书记陈虎等四大班子领导率党政考察团赴江苏省泗洪县泗阳县考察学习。。考察团一行首先来到江苏省泗洪县，就泗洪县工业经济、文旅产业发展、乡村振兴、改革创新等方面进行考察学习。考察团先后考察了鑫华汽配、斯迪克新材料、东磁新能源、新睿电子、佳晟光伏、洪泽湖大圆塘垂钓中心、临淮胜利家园、现代渔业产业（霸王蟹）融合发展示范区、白鹭湾生态谷、稻米文化馆、柳山市集等地，认真听取相关情况介绍。。泗洪县位于江苏省中西部、淮河中下游，东临洪泽湖，西与安徽接壤，是中国南北区域分界线重要节点，是长三角经济区、淮海经济区、淮河生态经济带等多重国家战略交叉辐射区，南北兼融、东西联动。近年来，泗洪县紧紧围绕“四化”同步作表率，争先创优进百强奋斗目标，锚定“四大定位”、致力“多作贡献”，聚焦经济建设这一中心工作和高质量发展这一首要任务，坚持稳中求进、以进促稳、先立后破，经济社会快速发展。。通过现场考察和听取介绍，考察团一行对泗洪县工业经济、现代农业、农文旅融合发展等方面所取得的丰硕成果给予高度评价，表示将以本次考察活动为契机，认真总结学习泗洪县各方面发展的先进经验，对标找差、取长补短，努力将学习成果转化为工作实效，希望两地不断深化经贸合作、文旅合作、生态合作，共促两地经济社会高质量发展。。下楼镇党委副书记、镇长说：“下一步，我们将结合下楼镇的实际，结合一线一轴、两片区 、多中心的总体规划，全力做好灵璧—徐州省级毗邻区建设的各项要素保障工作。对已入住的利港冷链物流和江海医疗器械做好全方面的服务，对正在建设的桂柳牧业、浩达食品督促尽快投产，对即将入住的智慧物流产业园项目和特异电池梯次利用项目，积极协调做好前期服务保障工作，力争尽快入园，从而让投资者安心、顺心、舒心。”。在泗阳县，考察团一行先后深入盛虹新材料、华蕈生物、凯锐太普、桃园大桥、金牌橱柜、吉荣新材料、永益食品等多个重点项目现场，详细了解泗阳县在产业升级、科技创新、基础设施建设以及民生改善等方面的具体做法和成效。近年来，泗阳县牢牢把握高质量发展首要任务，完整、准确、全面贯彻新发展理念，全面落实“四个走在前”“四个新”重大任务，接续实施八大突破、六大创建、五项改革的“865”年度目标任务，经济社会发展始终保持向上向好态势。全年地区生产总值同比增长7.9%，一般公共预算收入增长11.5%，工业固定资产投资增长13%，规模以上工业总产值、增加值、工业开票销售收入分别增长12.8%、15.9%、17.2%，成功入选国家乡村振兴示范县创建名单，获批全市首家省创新型示范县建设单位，“三年进百强”实现圆满收官。。一路走、一路看、一路思、一路议，考察团一行对泗阳县在新材料产业、科技创新、基础设施建设以及企业发展等方面所取得的成就感到震撼。他们纷纷表示，看到了差距、感到了压力，要对标先进，进一步立足实际、解放思想、锐意进取、埋头苦干，把等不起的紧迫感、坐不住的责任感转化为发展动力，把泗阳发展的好经验好做法运用到自身实际工作中。。灵璧县文化和旅游局局长说：“此次观摩学习，回去以后，我们将结合灵璧文旅资源和各个乡镇的地域文化特色，高位推进、因地制宜、实事求是，找准差距和不足，高起点高标准规划，建设具有灵璧独有的文旅项目和农文旅项目，并用心用情用力讲好新时代灵璧故事，吸引更多的游客来灵观光休闲度假。”,2月20日—21日，市委常委、县委书记时志远，县人大常委会主任马实忠，县政协主席曹强，县委副书记陈虎等四大班子领导率党政考察团赴江苏省泗洪县泗阳县考察学习。。考察团一行首先来到江苏省泗洪县，就泗洪县工业经济、文旅产业发展、乡村振兴、改革创新等方面进行考察学习。考察团先后考察了鑫华汽配、斯迪克新材料、东磁新能源、新睿电子、佳晟光伏、洪泽湖大圆塘垂钓中心、临淮胜利家园、现代渔业产业（霸王蟹）融合发展示范区、白鹭湾生态谷、稻米文化馆、柳山市集等地，认真听取相关情况介绍。。泗洪县位于江苏省中西部、淮河中下游，东临洪泽湖，西与安徽接壤，是中国南北区域分界线重要节点，是长三角经济区、淮海经济区、淮河生态经济带等多重国家战略交叉辐射区，南北兼融、东西联动。近年来，泗洪县紧紧围绕“四化”同步作表率，争先创优进百强奋斗目标，锚定“四大定位”、致力“多作贡献”，聚焦经济建设这一中心工作和高质量发展这一首要任务，坚持稳中求进、以进促稳、先立后破，经济社会快速发展。。通过现场考察和听取介绍，考察团一行对泗洪县工业经济、现代农业、农文旅融合发展等方面所取得的丰硕成果给予高度评价，表示将以本次考察活动为契机，认真总结学习泗洪县各方面发展的先进经验，对标找差、取长补短，努力将学习成果转化为工作实效，希望两地不断深化经贸合作、文旅合作、生态合作，共促两地经济社会高质量发展。。下楼镇党委副书记、镇长说：“下一步，我们将结合下楼镇的实际，结合一线一轴、两片区 、多中心的总体规划，全力做好灵璧—徐州省级毗邻区建设的各项要素保障工作。对已入住的利港冷链物流和江海医疗器械做好全方面的服务，对正在建设的桂柳牧业、浩达食品督促尽快投产，对即将入住的智慧物流产业园项目和特异电池梯次利用项目，积极协调做好前期服务保障工作，力争尽快入园，从而让投资者安心、顺心、舒心。”。在泗阳县，考察团一行先后深入盛虹新材料、华蕈生物、凯锐太普、桃园大桥、金牌橱柜、吉荣新材料、永益食品等多个重点项目现场，详细了解泗阳县在产业升级、科技创新、基础设施建设以及民生改善等方面的具体做法和成效。近年来，泗阳县牢牢把握高质量发展首要任务，完整、准确、全面贯彻新发展理念，全面落实“四个走在前”“四个新”重大任务，接续实施八大突破、六大创建、五项改革的“865”年度目标任务，经济社会发展始终保持向上向好态势。全年地区生产总值同比增长7.9%，一般公共预算收入增长11.5%，工业固定资产投资增长13%，规模以上工业总产值、增加值、工业开票销售收入分别增长12.8%、15.9%、17.2%，成功入选国家乡村振兴示范县创建名单，获批全市首家省创新型示范县建设单位，“三年进百强”实现圆满收官。。一路走、一路看、一路思、一路议，考察团一行对泗阳县在新材料产业、科技创新、基础设施建设以及企业发展等方面所取得的成就感到震撼。他们纷纷表示，看到了差距、感到了压力，要对标先进，进一步立足实际、解放思想、锐意进取、埋头苦干，把等不起的紧迫感、坐不住的责任感转化为发展动力，把泗阳发展的好经验好做法运用到自身实际工作中。。灵璧县文化和旅游局局长说：“此次观摩学习，回去以后，我们将结合灵璧文旅资源和各个乡镇的地域文化特色，高位推进、因地制宜、实事求是，找准差距和不足，高起点高标准规划，建设具有灵璧独有的文旅项目和农文旅项目，并用心用情用力讲好新时代灵璧故事，吸引更多的游客来灵观光休闲度假。”,政府领导到其他城市考察学习或访问,0.0,True
104,安徽省,宿州市,杭实集团一行来我市考察学习,2023-11-23,https://fagaiwei.ahsz.gov.cn/fgzx/ztzl/szhzjdhzbfxczl/194553711.html,11月21日至22日，杭州市实业投资集团一行来我市考察学习，并举办杭实集团走进宿州活动交流座谈会。市委常委、常务副市长欧冬林主持会议并讲话，杭州市实业投资集团党委副书记、副董事长、总经理钮健讲话，市投资促进中心做宿州投资推介，宿州经开区、宿马园区、宿州高新区分别介绍园区产业发展情况，市农业农村局、市经济和信息化局、市政府驻杭州联络处作交流发言。会上，签订杭州热联集团、宿州城投集团、宿州高新建投集团战略合作等协议。在我市考察期间，杭州市实业投资集团一行还实地调研了宿州高新区、宿州经开区和埇桥区部分企业。,11月21日至22日，杭州市实业投资集团一行来我市考察学习，并举办杭实集团走进宿州活动交流座谈会。市委常委、常务副市长欧冬林主持会议并讲话，杭州市实业投资集团党委副书记、副董事长、总经理钮健讲话，市投资促进中心做宿州投资推介，宿州经开区、宿马园区、宿州高新区分别介绍园区产业发展情况，市农业农村局、市经济和信息化局、市政府驻杭州联络处作交流发言。会上，签订杭州热联集团、宿州城投集团、宿州高新建投集团战略合作等协议。在我市考察期间，杭州市实业投资集团一行还实地调研了宿州高新区、宿州经开区和埇桥区部分企业。,政府领导到其他城市考察学习或访问,0.0,True
104,安徽省,宿州市,杭实集团一行来我市考察学习,2024-01-01,http://fagaiwei.ahsz.gov.cn/public/2655575/194392981.html,杭州市实业投资集团一行来我市考察学习，并举办杭实集团走进宿州活动交流座谈会。市委常委、常务副市长欧冬林主持会议并讲话，杭州市实业投资集团党委副书记、副董事长、总经理钮健讲话，市投资促进中心做宿州投资推介，宿州经开区、宿马园区、宿州高新区分别介绍园区产业发展情况，市农业农村局、市经济和信息化局、市政府驻杭州联络处作交流发言。会上，签订杭州热联集团、宿州城投集团、宿州高新建投集团战略合作等协议。在我市考察期间，杭州市实业投资集团一行还实地调研了宿州高新区、宿州经开区和埇桥区部分企业。,杭州市实业投资集团一行来我市考察学习，并举办杭实集团走进宿州活动交流座谈会。市委常委、常务副市长欧冬林主持会议并讲话，杭州市实业投资集团党委副书记、副董事长、总经理钮健讲话，市投资促进中心做宿州投资推介，宿州经开区、宿马园区、宿州高新区分别介绍园区产业发展情况，市农业农村局、市经济和信息化局、市政府驻杭州联络处作交流发言。会上，签订杭州热联集团、宿州城投集团、宿州高新建投集团战略合作等协议。在我市考察期间，杭州市实业投资集团一行还实地调研了宿州高新区、宿州经开区和埇桥区部分企业。,政府领导到其他城市考察学习或访问,0.0,True
104,安徽省,宿州市,时志远赴上海市青浦区杭州市临平区开展考察学习,2023-11-10,https://www.lingbi.gov.cn/zwxx/zwyw/159979711.html,近日，市委常委、县委书记时志远带队赴上海市青浦区、杭州市临平区考察学习，谋划推进“飞地经济”合作，深化灵璧临平结对合作帮扶，加快融入长三角区域一体化发展。经济开发区、县发改委相关人员参加活动。。11月5日，以“新时代，共享未来”为主题的第六届中国国际进口博览会在上海开幕，吸引来自128个国家和地区的3400多家企业参展，参展的世界500强、行业龙头企业以及创新型中小企业数量均为历届之最。在进博会现场，时志远参观了部分参展企业展区，与相关负责人深入交流，详细了解企业的主要产品、业务布局、技术研发等情况，并向参展企业宣传推介灵璧，邀请他们来灵参观考察，共谋合作、共赢未来。。结束进博会考察活动后，时志远一行赶往上海市青浦区西虹桥管理中心，时志远与青浦区委副书记、区长杨小菁等区领导进行会面。时志远介绍了灵璧县经济社会发展情况，并表示灵璧县融入长三角一体化发展愿望强烈，投资空间巨大，双方合作前景广阔、大有可为，希望双方不断深化交流对接，持续加强互动，拓展合作领域，实现互惠共赢发展。青浦区委副书记、区长杨小菁表示，希望双方进一步加强经济、社会等领域合作交流，共同推动两地繁荣发展。随后，时志远一行就城市更新项目参观了上海蟠龙天地项目。。之后，灵璧县考察团一行前往杭州市临平区，与临平区委书记陈如根等区领导进行座谈。时志远指出，灵璧和临平两地发展既有梯度、也有衔接，互补性强、融合度高。随着沪苏浙结对合作帮扶皖北城市工作深入开展，两地在产业园区合作、农产品销售、教育共建共享等领域取得了一系列实质性合作成效，有效推动灵璧经济社会高质量发展，对临平区的结对合作帮扶表示感谢。临平区委书记陈如根对灵璧县考察团一行的到来表示欢迎，并表示临平和灵璧虽不相邻，但两地有着同样深厚的文化底蕴和坚定的发展决心，希望双方在产业转移、协同发展、资源共享、链式互补等方面深入挖掘合作空间，打造合作帮扶“新标杆”，携手为长三角更高质量一体化发展作出更大贡献。。此次考察学习不仅增进了灵璧县与青浦区、临平区的友谊与合作，也为我县下步发展打开了思路、拓宽了路径，将有力推动灵璧经济社会高质量发展。,近日，市委常委、县委书记时志远带队赴上海市青浦区、杭州市临平区考察学习，谋划推进“飞地经济”合作，深化灵璧临平结对合作帮扶，加快融入长三角区域一体化发展。经济开发区、县发改委相关人员参加活动。。11月5日，以“新时代，共享未来”为主题的第六届中国国际进口博览会在上海开幕，吸引来自128个国家和地区的3400多家企业参展，参展的世界500强、行业龙头企业以及创新型中小企业数量均为历届之最。在进博会现场，时志远参观了部分参展企业展区，与相关负责人深入交流，详细了解企业的主要产品、业务布局、技术研发等情况，并向参展企业宣传推介灵璧，邀请他们来灵参观考察，共谋合作、共赢未来。。结束进博会考察活动后，时志远一行赶往上海市青浦区西虹桥管理中心，时志远与青浦区委副书记、区长杨小菁等区领导进行会面。时志远介绍了灵璧县经济社会发展情况，并表示灵璧县融入长三角一体化发展愿望强烈，投资空间巨大，双方合作前景广阔、大有可为，希望双方不断深化交流对接，持续加强互动，拓展合作领域，实现互惠共赢发展。青浦区委副书记、区长杨小菁表示，希望双方进一步加强经济、社会等领域合作交流，共同推动两地繁荣发展。随后，时志远一行就城市更新项目参观了上海蟠龙天地项目。。之后，灵璧县考察团一行前往杭州市临平区，与临平区委书记陈如根等区领导进行座谈。时志远指出，灵璧和临平两地发展既有梯度、也有衔接，互补性强、融合度高。随着沪苏浙结对合作帮扶皖北城市工作深入开展，两地在产业园区合作、农产品销售、教育共建共享等领域取得了一系列实质性合作成效，有效推动灵璧经济社会高质量发展，对临平区的结对合作帮扶表示感谢。临平区委书记陈如根对灵璧县考察团一行的到来表示欢迎，并表示临平和灵璧虽不相邻，但两地有着同样深厚的文化底蕴和坚定的发展决心，希望双方在产业转移、协同发展、资源共享、链式互补等方面深入挖掘合作空间，打造合作帮扶“新标杆”，携手为长三角更高质量一体化发展作出更大贡献。。此次考察学习不仅增进了灵璧县与青浦区、临平区的友谊与合作，也为我县下步发展打开了思路、拓宽了路径，将有力推动灵璧经济社会高质量发展。,政府领导到其他城市考察学习或访问,0.72598341401255,True
104,安徽省,宿州市,县党政代表团赴阜阳市合肥市学习考察新能源汽车产业,2023-06-29,https://www.lingbi.gov.cn/zwxx/zwyw/159134641.html,为全面贯彻全省新能源汽车产业集群建设推进大会精神，6月25日至27日，市委常委、县委书记时志远，县委副书记、县长薛勇率灵璧县党政代表团赴阜阳市、合肥市等地学习考察新能源汽车产业。县政协主席曹强、县委副书记陈虎等参加考察活动。。在阜阳市阜南县比亚迪线束工厂、合肥市长丰县比亚迪有限公司，代表团一路走，一路看，认真听取介绍，详细了解企业建设发展、生产经营、产品应用、研发创新等情况，并与企业负责同志、科研工作者进行交流。。随后，代表团深入合肥市安徽晶科能源有限公司、阳光电源股份有限公司、合肥国轩动力能源有限公司等地考察新能源汽车相关配套产业发展情况。。在中科大先进技术研究院、合工大智能制造研究院，代表团参观了科技成果展和人工智能应用技术，重点了解研究院在新能源领域自主创新研发、人工智能应用、科技成果转化等情况。。考察期间，时志远、薛勇率县党政代表团专程来到合肥工业大学，对接帮扶合作事宜，并就加强校地合作、推动灵璧新能源汽车产业高质量发展进行了深入交流和探讨。。代表团表示，新能源汽车产业发展大势所趋，前景广阔，大有可为，将认真学习阜阳市、合肥市广大干群强烈的创新意识和赶超劲头，把好经验好做法应用到灵璧新能源产业发展中，并在合肥工业大学的帮扶支持下，乘势而上，奋发作为，努力开创灵璧新能源汽车产业高质量发展新局面。。县科技局负责人说：“作为科技部门，一是制定相关支持新能源发展产业扶持政策，吸引较好的新能源项目落地；二是加强新能源支持，对落地的新能源企业，优先申报科技计划项目；三是建立企业孵化器，招引技术含量较高，前景较好的新能源技术团队入驻科技企业孵化器，采取技术入股、基金支持等形式，帮助其做大做强。”。县自然资源和规划局负责人说：“从我们自然资源规划部门来讲，主要做好两个方面的工作，一是超前规划，在充换电基础设施方面，要按照城市面状、公路线状、农村点状的要求做好规划，另外在市政设施和住宅小区规划方面做好新能源充电桩的管控要求。二是全力做好用地保障，对有意向到我们灵璧落户的新能源汽车产业企业，做好用地保障。”。县发展和改革委员会负责人说：“将在县委县政府的统一决策部署下，做好以下几个方面工作，一是做好新能源汽车的产业规划，在汽车零部件、后市场和光能充赛道找准我们发展的切口。二是根据省市建制调整，对应快速组建汽车办，围绕新能源产业组建工作专班，研究产业地图，靶向招引优质产业和优质企业落地灵璧。三是与合工大、中国矿大等学院合作，对本土企业、已落地的进行科技赋能，提质增效，争取为新能源产业配套。”,为全面贯彻全省新能源汽车产业集群建设推进大会精神，6月25日至27日，市委常委、县委书记时志远，县委副书记、县长薛勇率灵璧县党政代表团赴阜阳市、合肥市等地学习考察新能源汽车产业。县政协主席曹强、县委副书记陈虎等参加考察活动。。在阜阳市阜南县比亚迪线束工厂、合肥市长丰县比亚迪有限公司，代表团一路走，一路看，认真听取介绍，详细了解企业建设发展、生产经营、产品应用、研发创新等情况，并与企业负责同志、科研工作者进行交流。。随后，代表团深入合肥市安徽晶科能源有限公司、阳光电源股份有限公司、合肥国轩动力能源有限公司等地考察新能源汽车相关配套产业发展情况。。在中科大先进技术研究院、合工大智能制造研究院，代表团参观了科技成果展和人工智能应用技术，重点了解研究院在新能源领域自主创新研发、人工智能应用、科技成果转化等情况。。考察期间，时志远、薛勇率县党政代表团专程来到合肥工业大学，对接帮扶合作事宜，并就加强校地合作、推动灵璧新能源汽车产业高质量发展进行了深入交流和探讨。。代表团表示，新能源汽车产业发展大势所趋，前景广阔，大有可为，将认真学习阜阳市、合肥市广大干群强烈的创新意识和赶超劲头，把好经验好做法应用到灵璧新能源产业发展中，并在合肥工业大学的帮扶支持下，乘势而上，奋发作为，努力开创灵璧新能源汽车产业高质量发展新局面。。县科技局负责人说：“作为科技部门，一是制定相关支持新能源发展产业扶持政策，吸引较好的新能源项目落地；二是加强新能源支持，对落地的新能源企业，优先申报科技计划项目；三是建立企业孵化器，招引技术含量较高，前景较好的新能源技术团队入驻科技企业孵化器，采取技术入股、基金支持等形式，帮助其做大做强。”。县自然资源和规划局负责人说：“从我们自然资源规划部门来讲，主要做好两个方面的工作，一是超前规划，在充换电基础设施方面，要按照城市面状、公路线状、农村点状的要求做好规划，另外在市政设施和住宅小区规划方面做好新能源充电桩的管控要求。二是全力做好用地保障，对有意向到我们灵璧落户的新能源汽车产业企业，做好用地保障。”。县发展和改革委员会负责人说：“将在县委县政府的统一决策部署下，做好以下几个方面工作，一是做好新能源汽车的产业规划，在汽车零部件、后市场和光能充赛道找准我们发展的切口。二是根据省市建制调整，对应快速组建汽车办，围绕新能源产业组建工作专班，研究产业地图，靶向招引优质产业和优质企业落地灵璧。三是与合工大、中国矿大等学院合作，对本土企业、已落地的进行科技赋能，提质增效，争取为新能源产业配套。”,政府领导到其他城市考察学习或访问,0.9056489690918456,True
104,安徽省,宿州市,市治超处赴长丰县开展科技治超学习考察,2023-06-14,https://jtj.ahsz.gov.cn/xwzx/bmdt/193771781.html,6月8日，宿州市治理超限超载管理处会同市交通运输执法支队一行4人，组成学习考察团赴合肥市长丰县考察调研科技治超工作，学习交流治超经验。。考察团实地观摩了长丰县非现场执法系统建设、应用和管理等方面的经验做法，与当地执法人员进行座谈，就非现场执法系统在公路治超执法工作中的应用情况、技术特点、建设规划、投入与后期管理等问题进行了深入探讨和交流。。座谈会上，长丰县治超办负责人重点介绍了当地科技治超的成功经验。目前长丰县科技治超模式已经日趋成熟，效果显著，科技治超彻底改变过去的人海战术、围追堵截的治超传统方式，通过信息采集、动态监控、电子精准识别等科技手段真正实现了监管无死角、无盲区，全县主要路段、重点区域全面覆盖的目标，不仅节省了大量的人力物力，也降低了廉政风险，“长丰模式”正在被各地进行复制。。市治超处将认真梳理此次考察调研内容，结合我市科技治超工作实际，学习借鉴两地先进经验和做法，全面推进信息互联互通，建立治超信息共享系统，完善政府、社会共同参与的跨地区、跨部门、跨领域合作机制，开创我市科技治超新局面。,6月8日，宿州市治理超限超载管理处会同市交通运输执法支队一行4人，组成学习考察团赴合肥市长丰县考察调研科技治超工作，学习交流治超经验。。考察团实地观摩了长丰县非现场执法系统建设、应用和管理等方面的经验做法，与当地执法人员进行座谈，就非现场执法系统在公路治超执法工作中的应用情况、技术特点、建设规划、投入与后期管理等问题进行了深入探讨和交流。。座谈会上，长丰县治超办负责人重点介绍了当地科技治超的成功经验。目前长丰县科技治超模式已经日趋成熟，效果显著，科技治超彻底改变过去的人海战术、围追堵截的治超传统方式，通过信息采集、动态监控、电子精准识别等科技手段真正实现了监管无死角、无盲区，全县主要路段、重点区域全面覆盖的目标，不仅节省了大量的人力物力，也降低了廉政风险，“长丰模式”正在被各地进行复制。。市治超处将认真梳理此次考察调研内容，结合我市科技治超工作实际，学习借鉴两地先进经验和做法，全面推进信息互联互通，建立治超信息共享系统，完善政府、社会共同参与的跨地区、跨部门、跨领域合作机制，开创我市科技治超新局面。,政府领导到其他城市考察学习或访问,0.0,True
104,安徽省,宿州市,西藏措美县党政代表团来宿考察学习座谈会召开,2023-05-09,https://www.ahsz.gov.cn/zwzx/zwyw/193687431.html,5月8日上午，西藏措美县党政代表团来宿考察学习座谈会在市政务中心召开。市委书记杨军出席会议并讲话，市委副书记、市长王启荣主持会议。市领导李红、任东、刘天卓，措美县县委书记范和平、县政协主席索朗欧珠，第八批援藏措美县工作组出席会议。。杨军代表市委、市政府对措美县党政代表团来宿表示热烈欢迎，向措美县委、县政府对我市援藏干部的关心关怀表示衷心感谢。在简要介绍宿州经济社会发展情况后，杨军说，对口援藏是党中央从全局高度作出的重大战略决策。我们将深入贯彻落实习近平总书记关于西藏工作的重要指示精神和新时代党的治藏方略，多谋长远之策、多行固本之举，持续加强招商引资、项目建设、乡村振兴等方面的合作，助力发展特色优势产业，协作提升教育、医疗、养老等民生保障水平，注重人才、技术等要素互动交流，以更加有形、有感、有效的工作推动对口援措工作高质量发展。援藏干部要胸怀“国之大者”，当好对口援建的“先锋”、民族团结的“使者”、交流合作的“桥梁”，为措美县长治久安和高质量发展作出更大贡献。。范和平感谢宿州市委、市政府和宿州人民长期以来对措美的支持和帮助，并简要介绍了措美经济社会发展情况和第八批援藏措美县工作组工作情况。他希望宿州市一如既往关心支持措美发展，探索建立长期结对机制，拓展支援工作形式路径，全方位深化交流对接，推动宿州措美交往更加频繁、交流更加深入、交融更加密切。。座谈会上，第八批援藏措美县工作组汇报了援藏工作开展情况。接下来，措美县党政代表团还将在我市开展实地考察学习活动。（记者 马竞）,上有天堂，下有“宿杭”。宿州牵手杭州，两个城市结对帮扶，凝心聚力解决区域发展不平衡问题。为更好的对接杭州滨江区优势资源，4月18日，泗县虹城街道党工委书记万玲率队赴杭州滨江区长河街道，开展学习考察和对接合作帮扶。双方就社区治理、集体经济发展、乡村旅游开发、产业转移等方面开展交流活动。。考察队第一站到达长河街道办事处，双方互相介绍街道基本情况，观看宣传视频，并就后期的合作交流交换了意见。。随后，一行人调研了长河街道“小脑+手脚”警网协同机制、长河老街保护与开发工作以及党建引领基层治理情况。赶赴英冠滨悦城了解江三社区一二三产业融合发展状况，在杭州艺福堂茶业有限公司就涉农企业发展模式开展座谈，深入了解企业在直播带货、产品开发迭代等方面经验做法，进一步探索适合虹城街道的产旅发展模式。。万玲对长河街道关于开展两地合作发展的重视表示了由衷的感谢。她说，在长河街道看到的是欣欣向荣的产业发展，进一步明确了虹城街道未来发展方向。长河街道在社会治理、数字化应用、传统文化的保护与开发、一二三产业融合方面取得了突出的成绩，为虹城街道发展提供了宝贵的经验。给考察队全体成员带来了强烈的视觉冲击以及巨大的启迪，特别是为下一步发展集体经济、推动乡村全面振兴打下了基础。,政府领导到其他城市考察学习或访问,0.5534743171545193,True
104,安徽省,宿州市,杨军率市党政代表团赴滁州学习考察,2023-03-01,https://www.ahsz.gov.cn/zwzx/zwyw/193523651.html,2月28日，市委书记杨军率市党政代表团赴滁州学习考察，深入贯彻党的二十大精神，加强沟通对接，深化交流合作，携手共促高质量发展。滁州市委书记许继伟陪同考察。市领导李红、任东、李晓宁、杨泽胜、彭飞及市政府秘书长李荣权参加，滁州市市领导杨甫祥、邓继敢和市政府党组成员刘茂松，中新苏滁高新区管委会主任杨广兰分别陪同。。滁州作为全省东向发展的“桥头堡”，近年来充分发扬改革创新、敢为人先的小岗精神，抢抓长三角一体化发展等重大机遇，坚定不移抓经济、谋项目、促发展，招引谋划一批重大项目、优质企业、重点产业落地，交出了一份高质量发展的“滁州答卷”。在一天的密集行程中，代表团先后来到滁州经开区、琅琊区、中新苏滁高新区等地，入企业、看项目、进展馆，学习借鉴滁州成功经验。。当天上午，代表团一行来到位于滁州经开区的东方日升、天合储能、惠科光电等企业，实地参观了企业展厅、生产车间、研发中心等，详细了解企业发展历程、研发创新、智能化生产等情况。下午来到位于琅琊区的奶酪博士、中润新能源、元气森林、光智科技等企业，以及位于中新苏滁高新区的园区规划馆、先进半导体材料（安徽）有限公司、胜华波汽车电器等地，考察学习当地招商引资、企业发展、项目建设、产业集聚、园区规划建设等方面的好经验好做法。。一路看一路学一路思，滁州展现出来的思想之新、改革之勇、奋进之锐，给代表团成员留下了深刻印象。大家纷纷表示，此次学习考察收获颇丰、启发很大，要对标先进找差距，坚定信心再出发，以坐不住、慢不得、等不起的紧迫感，真正把学习成果转化为实际行动。要坚持发展第一要务，聚焦省委提出的推进皖北“两个加快”目标，始终把“双招双引”作为主抓手、拓展平台作为主载体、激发活力作为主动力、团结奋进作为主导向，忠诚尽职、奋勇争先，加快推动全市经济高质量发展、大踏步跨越。同时，希望两地在过去良好合作的基础上，加强全方位、多领域、深层次的交流合作，更好实现优势互补、合作共赢，共同谱写宿滁合作新篇章。（记者 谢文东）,3月2日，市委书记杨军率市党政代表团赴阜阳学习考察，深入贯彻党的二十大精神，加强两地交流交往，深化合作对接，携手推动区域协同发展取得新成果。阜阳市委书记孙正东陪同并主持召开两市交流座谈会。市领导李红、任东、时志远、李晓宁、刘博夫、杨泽胜以及市政府秘书长李荣权参加学习考察并出席座谈会。阜阳市市领导王波、胡明文、张晓东、郑久坤、虞建斌分别陪同或出席座谈会。。交流座谈会上，杨军说，作为皖北六市之一，阜阳全市上下聚焦“三个排头兵”目标，加快建设“三地一区一城”，各项工作呈现强势上扬的良好态势。通过现场观摩，我们强烈感受到阜阳高质量推动发展的气势、高效能拼抢项目的速度、高水平开放创新的活力、高标准改善民生的“颜值”以及干部群众拼搏进取的精气神，真切感到不虚此行。与阜阳一样，宿州近年来经济社会发展也呈现出健康发展的良好态势，经济总量持续扩大，产业培育多点开花，正在以高质量发展为牵引，朝着“打造一城两区三基地、奋力冲刺全国百强市、全面建设现代化新宿州”三大目标稳步前行。随着长三角一体化发展和推动皖北“两个加快”部署的全面实施，阜阳和宿州都迎来了新机遇。希望两地在现有合作的基础上，健全完善常态化、全方位联系对接机制，带动人才、市场、资本等领域的交流融通，携手推动新型工业化、城镇化加快突破，引领经济社会全面加快发展，共同谱写两地合作发展的崭新篇章。。孙正东代表阜阳市委市政府，对宿州市党政代表团的到来表示热烈欢迎。他说，近年来，宿州市精耕细作数字、绿色能源等九大产业，加快建设“一城两区三基地”，奋力冲刺全国百强市，创造了许多好经验好做法，特别是敢为人先的闯劲、坚持不懈的韧劲、真抓实干的拼劲，值得阜阳学习借鉴。近年来，阜阳解放思想谋思路、扬长补短定战略、改革创新强支撑、项目为王抓落实，大力推进“两化一推”，推动全市发展保持良好态势。当前，正聚焦省委对阜阳提出的“两个明显提升”、皖北“三个排头兵”目标要求，坚定实施高质量、可持续支撑的追赶型发展战略，加快建设现代化美好阜阳。阜阳与宿州在皖北乃至全省发展格局中具有举足轻重的地位。希望两地进一步加强沟通交流，坚持扬长补短，在推动皖北“两个加快”、实现高质量发展中，携手谱写更多亲密合作、互利共赢的故事，共同为现代化美好安徽建设作出更大贡献。。在阜期间，代表团一行先后前往阜南县、阜阳经开区、颍东区等地，实地参观考察了阜南林海生态技术有限公司、阜阳弗迪科技有限公司、安徽阜兴新能源科技有限公司、阜阳海钠科技有限责任公司、瓦大番茄谷和阜阳技师学院等地，深入了解当地在招大引强、科技成果转化、高技能人才培养、发展县域特色产业集群等方面的成功经验和做法。（记者 蔡建）,政府领导到其他城市考察学习或访问,0.0,True
104,安徽省,宿州市,杨军率市党政代表团赴阜阳学习考察,2023-03-03,https://tzcjzx.ahsz.gov.cn/xxfb/gzdt/193536791.html,3月2日，市委书记杨军率市党政代表团赴阜阳学习考察，深入贯彻党的二十大精神，加强两地交流交往，深化合作对接，携手推动区域协同发展取得新成果。阜阳市委书记孙正东陪同并主持召开两市交流座谈会。市领导李红、任东、时志远、李晓宁、刘博夫、杨泽胜以及市政府秘书长李荣权参加学习考察并出席座谈会。阜阳市市领导王波、胡明文、张晓东、郑久坤、虞建斌分别陪同或出席座谈会。。交流座谈会上，杨军说，作为皖北六市之一，阜阳全市上下聚焦“三个排头兵”目标，加快建设“三地一区一城”，各项工作呈现强势上扬的良好态势。通过现场观摩，我们强烈感受到阜阳高质量推动发展的气势、高效能拼抢项目的速度、高水平开放创新的活力、高标准改善民生的“颜值”以及干部群众拼搏进取的精气神，真切感到不虚此行。与阜阳一样，宿州近年来经济社会发展也呈现出健康发展的良好态势，经济总量持续扩大，产业培育多点开花，正在以高质量发展为牵引，朝着“打造一城两区三基地、奋力冲刺全国百强市、全面建设现代化新宿州”三大目标稳步前行。随着长三角一体化发展和推动皖北“两个加快”部署的全面实施，阜阳和宿州都迎来了新机遇。希望两地在现有合作的基础上，健全完善常态化、全方位联系对接机制，带动人才、市场、资本等领域的交流融通，携手推动新型工业化、城镇化加快突破，引领经济社会全面加快发展，共同谱写两地合作发展的崭新篇章。。孙正东代表阜阳市委市政府，对宿州市党政代表团的到来表示热烈欢迎。他说，近年来，宿州市精耕细作数字、绿色能源等九大产业，加快建设“一城两区三基地”，奋力冲刺全国百强市，创造了许多好经验好做法，特别是敢为人先的闯劲、坚持不懈的韧劲、真抓实干的拼劲，值得阜阳学习借鉴。近年来，阜阳解放思想谋思路、扬长补短定战略、改革创新强支撑、项目为王抓落实，大力推进“两化一推”，推动全市发展保持良好态势。当前，正聚焦省委对阜阳提出的“两个明显提升”、皖北“三个排头兵”目标要求，坚定实施高质量、可持续支撑的追赶型发展战略，加快建设现代化美好阜阳。阜阳与宿州在皖北乃至全省发展格局中具有举足轻重的地位。希望两地进一步加强沟通交流，坚持扬长补短，在推动皖北“两个加快”、实现高质量发展中，携手谱写更多亲密合作、互利共赢的故事，共同为现代化美好安徽建设作出更大贡献。。在阜期间，代表团一行先后前往阜南县、阜阳经开区、颍东区等地，实地参观考察了阜南林海生态技术有限公司、阜阳弗迪科技有限公司、安徽阜兴新能源科技有限公司、阜阳海钠科技有限责任公司、瓦大番茄谷和阜阳技师学院等地，深入了解当地在招大引强、科技成果转化、高技能人才培养、发展县域特色产业集群等方面的成功经验和做法。（记者 蔡建）,近日，宿州市萧县供销社党组书记、理事会主任李兴振一行7人到濉溪县供销社开展为农服务中心建设考察学习，濉溪县供销社理事会主任梁煜、理事会副主任程金玲陪同考察。。考察组首先来到濉溪县铁佛镇为农服务中心，通过实地查看并与公司负责人深入交流，详细了解公司社会化服务组织建设及运营模式情况，并给予充分肯定。铁佛镇为农服务中心是由濉溪县供销社与村集体联合成立的村级服务社，该社坚持以“联防联治”获口碑、以“联耕联种”扩规模，通过“种药肥一体化+技术服务”农业托管模式，以良种、良技、良法为抓手开展封闭式统一管理，切实实现为农业增产、为农民增收、为乡村振兴贡力。据悉，铁佛镇为农服务中心社会化服务托管2023年度可实现小麦、玉米年亩均增产300斤以上，大豆一季可实现亩均收成450斤左右。。濉溪县田丰为农服务中心坚持以科技为依托，采取“合作社上联公司和市场、下联基地和农户”的发展模式，以带动农民致富为宗旨，为农户提供农机全程社会化服务，组织农机具规模作业、开展农机技术培训、兴办农机配套经营实体等，不断提高农机产业化经营水平。据悉，田丰为农服务中心拥有各类农业机械120余台，2022年度实现农机收割4万亩、植保6万亩，年亩均利润超150元。。濉溪县供销社充分发挥党组织舵手作用，坚持以党建带社建的发展理念搭建农业生产综合平台，服务壮大村级集体经济，不断加强与村集体合作成立村级供销社，形成“一村一块田”规模经营优势，以“村民+村集体+供销社为农服务组织”模式开展农业社会化服务，走出了一条产业兴旺、乡村振兴、集体经济发展壮大的共赢之路。下一步萧县供销社将借鉴学习濉溪县供销社先进工作经验，完善“党建+”农业托管模式，不断推动萧县村党组织领办合作社工作再登新阶。,其他,0.5358759832056504,True
104,安徽省,宿州市,杨军王启荣率队赴杭州市学习考察对接合作,2022-02-22,http://xfj.ahsz.gov.cn/zwzx/gzdt/192592071.html,会上，刘捷代表杭州市委市政府对宿州市来杭考察对接表示欢迎，对宿州市近年来经济社会发展取得的成就给予充分肯定。在简要介绍杭州基本市情后，刘捷表示，要深入学习贯彻习近平总书记重要指示精神，在长三角高质量一体化发展的总体部署下，按照中央和浙皖两省省委、省政府部署要求，坚持优势互补，加强沟通协作，全面开展结对合作帮扶工作，携手走向共同富裕。。杨军对杭州市长期以来给予宿州市的大力支持表示感谢。他说，我们这次来杭州，就是深入贯彻习近平总书记关于推动长三角一体化发展重要讲话指示批示精神，按照国家发改委关于结对合作帮扶的部署安排进行深入对接。宿州、杭州两市发展既有梯度，也有衔接，发展的互补性强、融合度高。希望双方通过落实国家战略，持续深化交流合作。我们将全面学习杭州营商环境的好做法，对标借鉴杭州勇争一流的好理念，共同建立宿杭对接合作的好机制，实现双方互利共赢，加快推动高质量发展。。在杭考察期间，杨军、王启荣一行首先来到位于西湖区云栖小镇的杭州市城市大脑运营指挥中心，智慧交通、便捷停车、民生直达、舒心就医……一个个大数据治理城市的应用场景令人耳目一新。大家表示，要认真学习借鉴杭州“城市大脑”的好经验好做法，推动数字赋能城市治理，加快新型智慧城市建设，不断提升城市治理现代化水平。新华三集团是全球领先的高新技术企业，业务覆盖“芯—云—网—边—端”全产业链。大家认真听取企业技术研发、产品应用、市场拓展等情况介绍，希望在云计算、大数据、智慧城市、数字农业等领域开展全方位合作。滨江区智慧e谷展厅内，智慧产业发展亮点纷呈。大家边听边看，表示将学习借鉴产业新模式，培育壮大发展新动能，在推进长三角一体化发展中打造强劲活跃增长极。（记者 谢文东）,泗县残联副理事长彭晓表示，非常感谢埇桥区残联来泗县残联传递宝贵经验，下一步泗县残联将对标先进，总结不足，向兄弟单位学习，共同促进残疾人事业快速发展，为残疾人谋幸福。,其他,0.6378943410456905,True
104,安徽省,宿州市,市政府考察团赴安徽自贸试验区蚌埠片区考察学习,2022-09-19,https://www.ahsz.gov.cn/zwzx/zwyw/193160051.html,9月16日下午，市委副书记、市长王启荣率队赴蚌埠市，考察学习安徽自贸试验区蚌埠片区建设工作，进一步深化交流、扩大合作。蚌埠市委副书记、市长操龙灿，市领导葛锐、吴永彬、乌兰其其格及市政府秘书长刘宗文等陪同考察或出席座谈会。宿州市领导祖钧公、杨泽胜，市政府秘书长李荣权等参加。。考察组一行先后来到安徽自贸试验区蚌埠片区招商中心、蚌埠国显科技有限公司、蚌埠（皖北）保税物流中心（B型），实地考察学习蚌埠市在产业发展、安徽自贸试验区蚌埠片区建设等方面的先进经验和务实举措。。在随后召开的座谈会上，王启荣表示，蚌埠市既有雄厚的工业基础，又有良好的淮河生态文化，特别是安徽自贸试验区蚌埠片区积极探索、勇于创新、成效显著。此次考察学习，既是走亲戚、也是学经验、更是求支持。希望两市能够以此次交流为新起点，进一步深化合作，做到对接常态化，努力在科技创新、产业协作、基础设施建设、人才培养等方面取得更多合作成果，共建交流合作机制；产业协同化，双方能够沿着高质、高端、高效的产业协同发展方向，携手创造更多的利益契合点、工作切入点、合作增长点、产业新亮点，共拓产业合作空间；联通一体化，共同加快淮宿蚌城际铁路、阜淮城际铁路、宿州至固镇高速公路等基础设施建设进度，合力建设沱浍河航道整治工程，共推基础设施建设；创新制度化，在创新协同、多式联运、跨境贸易等特色领域和关键环节，加强政策对接、产业对接、项目对接，探索携手争取赋权事项、联合开展制度创新，共绘跨越发展图景，合力谱写两市携手发展的新篇章。。操龙灿代表蚌埠市委、市政府对我市考察组一行表示欢迎。他说，近年来，宿州市经济发展势头迅猛、产业升级步伐加快、开放发展成果丰硕、城市品质不断提升。蚌埠与宿州同为皖北城市，希望两市能够持续深化战略合作、加强产业合作、加快基础设施互联互通、推进开放平台建设、加强加密人员往来交流，不断促进两地有效合作与融合，共同为全省高质量发展贡献皖北力量。。会上，蚌埠市自贸办汇报了建设发展情况；两市有关部门负责人就相关领域工作进行了深入交流。（记者 朱瑞兵）,为学习借鉴外地物业管理经验，全面提升物业领域工作水平，12月13日上午，市房管中心党组成员、副主任宋丹波带队前往江苏省，就物业领域内工作进行学习考察，市房管中心物业科、埇桥区住建局、南关街道办事处、三八街道办事处主要负责人参与此次考察。。考察组一行先后来到宿迁、苏州进行学习考察，围绕物业行业党建工作；社区党组织领导下的“四位一体”协调运行机制；业主委员会组建、人选审核把关、规范运行；物业费收缴等问题进行了深度的学习交流，并参观学习先进单位的做法。。在相互交流过程中，宋丹波表达了对宿迁和苏州相关领导的感谢和敬意，宋丹波指出此学习其他城市物业管理工作具有重要意义，江苏省物业管理模式新颖，经验成熟，有很多亮点值得学习借鉴，下一步，我市物业服务管理工作相关负责人要认真学习，学以致用、因城施策，在物业管理服务工作中发挥更优的作用、起到更好的效果，全面提升物业管理服务水平。,政府领导到其他城市考察学习或访问,0.0,True
104,安徽省,宿州市,余向东带队赴德州武汉考察学习,2020-11-09,http://xfj.ahsz.gov.cn/zwzx/gzdt/189827601.html,11月4日至6日，市委副书记余向东带队赴德州市、武汉市东西湖区，就食品产业发展进行考察学习。市委常委、埇桥区委书记王启荣，副市长韩维礼，市、区直有关部门主要负责同志以及部分企业代表参加考察。。在德州市，考察团首先来到山东德州扒鸡股份有限公司。该公司是以种禽养殖、肉禽蛋加工、餐饮服务、食品经营为主的农业产业化国家重点龙头企业。余向东一行参观了产品生产加工展示中心、研发中心，详细了解德州扒鸡生产加工过程、历史发展沿革和产品检验检测情况。随后来到德州乡盛食品有限公司，走进标准化生产车间，参观了生产线、检测中心，仔细询问生产工艺、产品销售、人才引进、企业文化建设等情况。。在武汉市东西湖区，考察团首先来到良品铺子食品有限公司，参观了食品安全检测中心、智能仓储物流中心，深入了解产品研发、质量检测、拣选配送等情况。随后来到周黑鸭国际控股有限公司。该公司是国内从事生产、营销及零售休闲卤制品的上市企业。考察团实地参观了生产车间、产品展示厅，对企业在生产加工、物流配送、产品营销方面的做法和取得的业绩啧啧赞叹。。在两地座谈会上，余向东表示，近年来德州市、武汉市东西湖区在推进食品产业发展方面取得了显著成绩，形成了许多好经验、好做法，非常值得宿州学习借鉴。我们将以此次考察为契机，学先进、取真经、找差距、补短板，更好地推动我市符篱集烧鸡产业发展。余向东强调，振兴符离集烧鸡产业，是市委市政府重大决策部署，也是推进农产品深加工、促进一二三产业融合发展的重要举措。市、区两级有关部门要积极借鉴先进地市在生产加工、运营管理、产品营销、检验检测、人才招引等方面的经验做法，结合宿州实际认真消化吸收，以更高的标准、更大的力度、更强的担当、更实的措施，将符离集烧鸡产业发展推向更深层次、更高水平。,11月5日，县政协主席杨洪军带队到徐州工程机械技师学院学习考察。县政协办、人社局、教体局、师范学校等单位相关负责同志陪同考察。。杨洪军一行先后参观了学院国际培训中心、教学区、实训区等地。座谈会上，听取了学院领导就学院发展定位、特色高技能人才培养模式、多元办学格局、多工种技能培训拓展等方面的情况介绍。双方围绕人才培养与企业需求如何有效对接等方面进行了深度交流。。杨洪军对学院开展校企合作培养高技能人才所取得突出成效给予了充分肯定。萧县是人口大县，产业基础较好。期待与学院在技能人才培训方面达成战略合作意向，建立校企战略合作伙伴关系，利用学院人才孵化平台和培训资源，联合开展满足萧县企业需求的技能人才素质提升培训，输出徐工技能人才培养特色品牌，实现合作共赢，助力萧县经济高质量发展。,政府领导到其他城市考察学习或访问,0.0,True
104,安徽省,宿州市,县长武戈率考察团到天长市学习考察,2020-07-05,https://www.ahxx.gov.cn/xxdt/zwyw/141757061.html,7月2日，县委副书记、县长武戈率考察团到天长市参观考察，副县长胡永乐，天长市市委副书记、市长贺家平、市政府副市长陈学文陪同考察或参加座谈。,学习先进 | 走出去，学进来，他山之石可攻玉—— 尉成辉带队外出考察学习文明实践、文明创建、国家卫生县城创建、融媒体中心建设工作。学习先进 | 走出去，学进来，他山之石可攻玉——尉成辉带队外出考察学习文明实践、文明创建、国家卫生县城创建、融媒体中心建设工作。外出学习取真经，交流借鉴促发展。7月1日至4日，泗县县委常委、宣传部长、县总工会主席尉成辉带队，先后前往滁州天长市、宣城市郎溪县、广德市、黄山市歙县、徽州区、屯溪区等地实地考察学习全国文明城市创建、新时代文明实践、国家卫生县城创建和融媒体中心建设工作。县城管局、县卫健委、县市监局、县房管局、县商务局、县文明办、县创建办、县新时代文明实践指导中心等单位主要负责人及县教体局、县交警大队、县疾控中心等部分单位负责同志共20多人参加考察学习。。创新推动网格文明实践+工作模式，天长市把全市划为1193个网格，每个网格组建10人左右的志愿服务小分队，网格志愿者与村民户户结亲、时时走访，常态化开展“三帮”:学习帮教、生产帮忙、困难帮扶，让网格内大事小事有人问、矛盾困难有人管，及时解决群众的操心事、烦心事、揪心事，织密基层志愿服务网。该市通过一刻钟宣讲、让理论宣讲活起来，坚持“一盘棋”、阵地资源用起来，拧成“一股绳”、志愿队伍建起来，形成“大合唱”、文化生活实起来，坚定“一条心”、基层治理强起来等一系列扎实举措，以群众所需所盼为服务导向，引导更多的群众参与到新时代文明实践活动中来，推动新时代文明实践工作有成效、活动有内涵、群众得实惠。。在广德市新时代文明实践中心，“学雷锋志愿服务月”定时发布一批以群众需求为导向，实打实、接地气、顺民意的志愿服务项目，群众点单、中心派单，很好地激发群众参与志愿服务活动的热情，切实提高新时代文明实践活动群众参与率、满意率。广德市桃州镇升平社区幸福365志愿服务队是当地新时代文明实践活动出了名的志愿者队伍，“以爱心商户、社区好人等‘社区能人’为主体的幸福365志愿服务队应运而生。”说起当初组建幸福365志愿服务队的初衷，升平社区党委副书记郑西锋介绍说。。在广德，不管是调解邻里纠纷、还是居民家中的小修小补，或是搭建平台丰富群众的业余文化生活，像幸福365志愿服务队一样的志愿服务组织活跃在城市乡间的每一个角落，为广大群众提供最便捷的服务。。歙县依托新时代文明实践中心和黄山市志愿服务云平台，建立起覆盖全县的志愿服务网络，将道德模范、专家学者、“五老”人员等吸纳进文明实践志愿服务队伍，常态化开展活动。许村镇依托新时代文明实践“一所五站”，让群众在多姿多彩、喜闻乐见的文化活动中获得精神滋养、增强精神力量。。黄山市徽州区岩寺镇依托镇村志愿服务队，广泛发动村民参与，通过游戏互动、分享交流等方式，广泛开展“弘扬家风，乐龄关怀”夸夸系列活动，为广大村民搭建相互沟通交流的平台，让大家从文明的被动接受者转变为主动传播者，增进了村民爱党爱国爱家乡情怀，营造良好家风和文明乡风。。黄山市新时代文明实践云平台与黄山文明网和“志愿黄山”云平台“三网融合”，互融互通，共建共享，为便于“开门询单、群众点单、中心制单、志愿接单、社会评单”五单工作法的落实，该平台通过互联网+文明实践+志愿服务模式，实现网内网外衔接、线上线下互动。。“一系列扎实举措，以群众所需所盼为服务导向，引导更多的群众参与到新时代文明实践活动中来，我们要结合泗县经验，守正创新，作出我们的特色”。尉成辉一行听取相关负责人介绍后，由衷赞叹道。。一条条整洁的城市街道，一处处美丽的绿地公园，一弯弯清澈的河流溪水，一座座和谐的居民小区……,政府领导到其他城市考察学习或访问,0.7805804684984935,True
104,安徽省,宿州市,王启荣率队赴涡阳县考察学习农村改厕工作,2019-12-11,https://www.szyq.gov.cn/zx/yqyw/115231810.html,12月10日，市委常委、区委书记王启荣率队赴涡阳县考察学习农村改厕工作。区领导孙海波、魏启宏、杨维海、赵德省参加考察。涡阳县委书记胡明文，县领导陈长安、苏志杰、赵良陪同考察。。在涡阳县，考察组一行先后来到西阳镇太平村葛圩自然村、高炉镇柴楼村李大自然村，实地查看污水集中式处理、三格式化粪池、人工小微湿地等不同模式的农村无害化卫生厕所，详细听取该县在农村改厕产品选购、技术、资金、后续管理、市场化运作等方面的思路和举措，对涡阳农村改厕取得的成绩给予高度评价。。座谈会上，王启荣表示，埇桥与涡阳同属皖北地区，习相近、人相亲。近年来，涡阳县大力践行新发展理念，在农村污水治理、农户改厕等方面取得的成就和经验，值得埇桥学习和借鉴。希望两地能够进一步加深交流，加强沟通。我们将通过这次现场学习考察，把涡阳的好经验、好做法带回去，转化为高质量推进农村改厕工作的动力，不断提升美丽乡村建设水平。。王启荣要求，各乡镇、有关街道及部门要认真学习涡阳县充分听取群众意见的宗旨意识，注重宣传发动、循序渐进的群众方法，科学谋划、因地制宜的严实作风，不怕困难、勇于创新的担当精神，不断打开思路、拓展视野。要主动对接、实地学习、现场对标，建立健全对接机制、交流机制、合作机制，进一步找差距、学真经、补短板、促改厕。。胡明文代表涡阳县委、县政府对考察组一行的到来表示欢迎，并详细介绍了涡阳经济社会发展情况。当前，涡阳正以农村人居环境“三大革命”为契机，把改厕作为实施乡村振兴战略、改善农村人居环境的重要抓手，突出群众主体，坚持建管并重，探索粪污综合利用，高质量推进农村厕所革命。。胡明文对埇桥近年来在文明创建等方面取得的成绩表示赞赏，并希望双方能够进一步加强互通往来，增进彼此友谊，实现互惠共赢。（张亮）,12月5日-7日，宿州市公安局常务副局长晁友福带领考察团赴山东省东营市公安局考察学习_宿州市公安局,政府领导到其他城市考察学习或访问,0.0,True
104,安徽省,宿州市,王启荣率考察组赴濉溪县考察学习砖瓦窑厂整治及监管工作,2019-08-08,https://www.szyq.gov.cn/zx/yqyw/113307300.html,8月7日，市委常委、区委书记王启荣率考察组赴濉溪县考察学习砖瓦窑厂整治及监管工作。区委常委、副区长王晶，副区长张祖新，市区两级环保、经信等相关部门负责人参加考察。。座谈会上，濉溪县政府相关负责人从党委政府强力推动，相关部门相互协作，合力监管；属地监管责任压实，保持长效；把准底线，集中清理，规范提升砖瓦窑企业发展等方面详细介绍了砖瓦窑整治及监管工作的主要做法。。王启荣在听取濉溪县砖瓦窑厂整治及监管工作的情况介绍后，对濉溪县以环境保护为原则，采取强力举措积极整治砖瓦窑厂企业的先进做法给予了充分肯定。王启荣指出，濉溪县在砖瓦窑厂整治及监管工作上站位高、指导准、协作好、监管严，县委县政府强力推动，有关部门严格监督，属地监管责任压实，全县墙材企业健康规范发展，成效显著，值得宿州市学习借鉴。。王启荣表示市区相关部门要用心研究、认真思考，借鉴好濉溪县的整治及监管工作经验，并结合宿州市工作实际，制定切实可行的整治及监管方案，为改善城区环境做出新的贡献。同时，希望两地加强沟通交流，互相学习、互相借鉴，在大气污染防治上加强联防联控，为皖北大气质量持续改善作出积极贡献。,7月4日，蚌埠市龙子湖区残联理事长陈洁一行6人，来到泗县考察学习残疾人工作。泗县残联理事长魏纯、副理事长王丹峰陪同活动。考察组来到泗县残疾人康复中心大楼和泗县残疾人劳动就业服务所，魏纯就泗县残联康复中心建设和泗县残疾人事业发展情况进行了介绍，双方交流了各自工作经验。随后考察组参观了泗县盲人按摩推拿中心、朱桥社区残疾人日间照料中心、省惠残儿童康复机构泗县阳光培智学校。。考察组对泗县在惠残民生工程、就业、培训、康复、组织队伍建设、残疾人之家（工作站）建设敢于投入、敢于担当、敢于创新取得的突出成绩给予充分肯定，对县委县政府一直支持残疾人事业给予高度赞许，表示回去之后要仔细对照标准找差距，全力提升龙子湖区残联工作水平。,政府领导到其他城市考察学习或访问,0.0,True
104,安徽省,宿州市,市委常委县委书记张志强县长王法立带领考察团赴睢宁县考察学习,2018-08-09,https://www.sixian.gov.cn/mlsx/dsj/86379502.html,8月7日，市委常委、县委书记张志强，县长王法立带领党政考察团赴睢宁县考察学习乡村振兴暨农业产业体系建设、农民集中区建设及招商引资与产业发展等方面工作做法。县领导赵朝法、庞壮等四大班子领导参加考察活动。。在睢宁县县委书记贾兴民，县委副书记王敏等陪同下，考察团一行先后考察了睢宁县官山镇众友兴和菌业、农光互补项目、睢宁县工业展览馆、星星家电、睢宁县文化艺术中心、沙集小镇客厅、房湾湿地、姚集镇高党新型农民集中居住区、魏集镇蟹稻米养殖基地、湖畔槐园等地，每到一处，考察团成员都仔细看、详细听，边讨论、边思考，用手机拍下每一个精彩细节，并结合各自相关工作实际情况，对比总结，找差距，寻措施。。张志强对沙集“电商服务+”富民增收模式予以充分肯定，并要求相关乡镇（开发区）要认真学习借鉴沙集的好经验、好做法，围绕我县特色，抓主、抓重、抓点，探索一条适合自身发展的路子，切实做好双创园区、电商服务+实体企业综合体模式。。考察过程中，张志强指出， 睢宁、泗县不论从官方还是民间都非常亲切，真正体现“地相连、人相亲”关系，睢宁在城市规划建设、新兴产业发展及乡村振兴实施战略等方面都取得了非常显著的成绩，尤其是在发展过程中也探索一批在全国、江苏省及周边区域可圈可点的典型经验和做法，通过参观学习，我们进一步认识到了自身的差距和短板。张志强要求，各乡镇、相关单位在考察学习过程中，要认真总结，进一步解放思想、开拓视野，把其先进经验做法转化为我们发展泗县的一些新举措，要早思考、早谋划，不断交流学习，为打造出具有我县特色的品牌和亮点，力促乡村全面振兴发展，加快“现代化五大发展美好泗县”建设步伐。,考察团先后深入淮宿建材有限公司、安徽成达生物质新材料有限公司和安徽金秸秆生物科技有限公司，走进生产车间，查看生产设备，观摩生产成品，并认真听取公司运营情况介绍，详细询问秸秆利用情况。。考察团对我市秸秆综合利用工作给予高度赞赏，认为我市在推进秸秆综合利用方面重视程度高，投入力度大，帮扶措施多，尤其是在引进高科技企业方面，市委市政府高度重视招商引资工作，不断加大扶持力度，延伸产业链条，切实为入驻企业解决发展资金、厂房用地、手续审批等方面难题，帮助企业做大做强，营造了良好的发展环境。。考察团表示将以这次考察学习为契机，认真总结和梳理学到的关于秸秆综合利用的好经验、好做法，回去以后结合当地实际，积极培育壮大秸秆综合利用新企业，探索发展秸秆综合利用新模式。,其他,0.7556082461617358,True
104,安徽省,宿州市,王启荣率团赴蚌埠市学习考察文明创建工作,2018-05-17,https://www.szyq.gov.cn/zx/yqyw/107576280.html,5月16日，市委常委、区委书记王启荣率埇桥区党政代表团赴蚌埠市学习考察文明创建工作。蚌埠市委常委、宣传部长谢兵陪同考察，区领导杨松涛、刘婉贞、王晶、孙海波、张祖新、李云英参加考察。。2015年以来，蚌埠市秉承“创建为民、创建靠民、创建利民、创建惠民”理念，深入持久地开展文明城市创建活动，一举夺得第五届全国文明城市殊荣。王启荣一行先后来到果园社区、秦集镇、市未成年人心理健康辅导中心、老市委大院和篾匠街，深入了解蚌埠市在示范社区建设、菜市场建设、文明乡镇创建、老旧小区改造等方面先进经验和特色做法。每到一处，考察团成员都带着问题、带着想法，认真听取文明创建经验介绍，详细询问创建过程中对标达标措施、先进经验做法、体制机制建设等具体工作，与对方深入交流、咨询探讨，并结合实际深入思考全区文明创建工作的下步打算。。王启荣在考察中指出，蚌埠市的文明创建工作走在全省前列，去年实现了“首创首成”，成功跻身全国文明城市行列，为埇桥提供了很好的借鉴。通过考察，大家看到了差距、产生了触动，同时也打开了视野、启发了思路。回去后，要认真梳理考察所看所思所悟，把考察的触动变成落实的行动。要以此次考察活动为契机，认真学习，深入思考，寻找差距，取回“真经”，回去后用蚌埠市的好经验、好做法指导我们的实际工作。在下一步工作中，要认真消化学习考察的成果，结合全区实际，进一步明确思路、细化举措、补齐短板，坚定首创首成、创则必成的决心，坚决实现成功创建全国文明城市的目标任务。（张华夏 杨立冬）,5月15日，阜阳市颍州区民政局局长韩少忠带队一行7人，赴埇桥区学习借鉴居家养老服务指导中心和社区日间照料中心建设、管理与运行模式先进经验和好做法，宿州市埇桥区民政局局长李再超、副局长朱志伦全程陪同考察。。人口老龄化的严峻形势使养老服务成为刚性需求，为满足老年人“就地安养”的实际需要，居家养老服务中心应运而生。。区民政局领导陪同颍州区民政局一行来到埇桥区居家养老服务指导中心，带大家先后对中心内三个功能区：“老年人能力评估中心”、“援通智能化监控平台”和“汇源社区日间照料中心”进行了参观。工作人员首先介绍了“老年人能力评估中心”的建设情况和作用，致力于为老年人提供精准服务和制定相关补贴政策提供依据。接着，来到“援通智能化监控平台”，工作人员重点介绍了打造智慧养老院的终端设备：防失智老人走失系统、互联网呼叫器、智能化手镯等智能化助老助残设备及其作用。最后走进了 “汇源社区日间照料中心”，中心运用“互联网+”技术，通过援通智能化监控平台，让政府及老人亲属能够及时掌握和监控老人动态。养老机构用专业的服务能力和服务设施，使老年人在社区和家庭就可以享受到生活照料、就医康复、精神慰藉等服务。。颍州区民政局对埇桥区养老服务中心及社区日间照料中心的建设、管理和运营模式等多方面给予了充分的肯定和赞赏，表示会加强与我区的交流学习，将因地制宜地进行借鉴，让广大老年人尽早享受到智慧化养老带来的成果，促进智慧化养老事业健康快速发展。(埇桥区民政局 李可可),政府领导到其他城市考察学习或访问,0.0,True
104,安徽省,宿州市,埇桥区赴寿光市学习考察县管校聘工作,2018-03-09,http://jiaotiju.ahsz.gov.cn/bmgz/jydd/ddxx/14265640.html,3月8日，埇桥区教体局、编办、人社局等一行7人赴山东省寿光市学习考察中小学教师“县管校聘”工作。区教体局人事股、督导室、深改办等股室相关人员参与考察活动。。上午，考察组与寿光市教育局展开了深入细致的交流。寿光市教育局副局长董有才对埇桥区考察组一行表示欢迎，并简要介绍了寿光市基本情况及全市“县管校聘”工作开展情况。市教育局教师工作科科长着重阐述了寿光市在抓好教育行政部门管理权限、岗位聘用管理制度、教职工合理流动机制、绩效考核和绩效工资等四项工作，突出合理核定编制、科学岗位设置、精心制定方案、开展岗位竞聘等关键环节及建立部门联动、构建舆论引导、健全保障激励、严格责任落实等四项推进机制方面的经验做法。。对于“县管校聘”工作，寿光市教育局副局长董有才给予埇桥区四条建议：一是营造良好氛围。政府层面积极推动，人社、编办、财政相关部门积极配合，落实教育主管部门对编制核定、岗位设定、教师流动的自主权，理清编办、人社、教育三部门的职责，把“县管校聘”的政策用足、用活、用好。二是广泛宣传发动。让广大教师全面了解“县管校聘”的政策导向，将“县管校聘”工作作为推进义务教育均衡发展，全面提高教育质量，激活教师潜力的重要措施与抓手，争取赢得广大教师与社会的支持与理解。三是科学设计方案。集思广益，广泛召开座谈会，通过不同形式，全面征集基层学校的意见，科学制定改革措施与实施方案，提高方案的科学性与实效性。四是积极稳妥推进。既要全面推进，又要考虑到教师的切身利益；既要改革创新，又要结合实际，保证政策落地，改革工作平稳有序。。考察组一行对寿光市“县管校聘”工作开展情况给予高度评价，并就“县管校聘”关键性热点问题进行深入细致交流。双方一致表示，今后要加强联系沟通，相互借鉴学习先进经验，共同推进相关体制改革的创新力度和步伐。考察组同时对寿光市推行校长职级制改革、督导体制建设等工作进行了政策咨询。。“全国教育改革看山东，山东教育改革看潍坊”，寿光市作为山东潍坊的下辖市，“县管校聘”改革一直走到全市乃至全国的前列。今年的1月20日，第五届全国教育改革创新典型案例获奖名单公布，寿光市《扎实推进“县管校聘”改革促进城乡教育优质均衡发展》成功入选，获评第五届全国教育改革创新优秀奖（30个），是山东省唯一入选的县级典型案例，寿光的“县管校聘”改革和教育均衡发展理念再一次得到国家教育部门的认可。埇桥区学习考察寿光市就是要向先进地区看齐，锐意改革进取，避免教育改革过程中走弯路，保证改革的正确方向，提高改革的可行性与操作性。。2017年10月，安徽省教育厅、编办、人社厅、财政厅四部门联合下发了《关于推进中小学教师“县管校聘”管理改革的指导意见》，大力推进“县管校聘”教师管理机制改革。2018年1月，中共中央、国务院出台《关于全面深化新时代教师队伍建设改革的意见》，明确提出：优化义务教育教师资源配置，实行义务教育教师“县管校聘”。将“县管校聘”写入国家文件，进一步明确了教师管理体制改革的导向。市委常委、区委书记王启荣在数次调研埇桥教育工作中，提出推进“县管校聘”教师管理体制改革的思路。2018年，埇桥区将“县管校聘”工作作为“四项改革”（集团化办学改革、“县管校聘”改革、督导体制改革、质量考核改革）的重中之重，着力推进，区教体局主要负责人抓总，人事股、深改办、督导室等股室密切配合，积极推动，强化顶层设计，积极稳妥推进。并实行“一周一汇报，周周有推动”的良好局面与改革态势。（通讯员：梁好）,为进一步做好责任督学挂牌督导工作，推进教育督导体制机制创新，教育督导方式方法创新，责任督学队伍建设创新，加强责任督学培训，积极整改、补缺补短，提升水平，根据《灵璧县2017-2018年度中小学校责任督学全员培训工作规划》，结合本年度责任督学培训计划，3月8日至9日灵璧县组织了七个督学责任区共12名责任督学赴泗阳县、宿城区外出考察学习。。学习考察活动由政府总督学马动新带队，期间，全体责任督学先后观看了泗阳县、宿城区责任督学挂牌督导宣传片，考察了泗阳县、宿城区责任督学工作中心建设情况，听取了泗阳县政府教育督导室、宿城区政府教育督导室开展挂牌督导工作的经验介绍，全面了解泗阳县、宿城区责任督学挂牌督导工作的经验。随后全体责任督学考察了泗阳实验小学、泗阳城厢实验小学、宿城实验小学、宿迁学院附属学校的校园文化和办学特色。泗阳县教体局局长傅荣生、教育督导室副主任唐维志、宿城区政府督导室主任、教育局副局长王莉莉、宿城区教育局督导室主任丁成喜全程陪同，并参加了交流活动。。考察学习结束后，及时召开总结会，畅谈学习心得和感悟。通过学习借鉴先进地区的创建工作经验，增强了责任督学的专业水平和实践能力，提高了我县中小学责任督学挂牌督导创新县创建水平。（通讯员：刘鲁洋）,其他,0.5182593032173604,True
104,安徽省,宿州市,宿州市赴芜湖市考察学习创卫工作,2018-04-16,http://wjw.ahsz.gov.cn/ztzl/cjwmwscs/27952469.html,4月9日-10日，由市卫生计生委副调研员、市爱卫办主任李炳刚同志带队，市、区创卫办（爱卫办）、疾控中心等部门人员一行共12人赴芜湖市考察学习创卫工作。。芜湖市卫计委副主任沈建军、爱卫办主任黄良平、疾控中心分管负责人钱帮群及芜湖市县区卫计委部分负责人予以对口接待。考察组一行先后到芜湖市滨江山庄菜市场、新建公厕、日新化工厂宿舍（老旧小区）、弋江区黑臭水体改造、陶沟垃圾中转站进行实地观摩，尤其是公厕干净卫生、老旧小区改造后的焕然一新、垃圾中转的定时药物喷洒系统、黑臭水体科学改造等给考察组留下了深刻印象。考察组还到芜湖市创卫办针对创卫资料整理工作进行了学习。。在芜湖、宿州两市创卫座谈会上，芜湖市卫计委副主任、爱卫会专职副主任沈建军详细介绍了芜湖市创建卫生城市的成功做法。在市委市政府的高度重视下，形成市级统筹、属地管理、部门联动、条块结合、分工负责、全民参与、齐抓共管的工作格局。一是健全组织机构，成立了以市长任指挥长，市委副书记任第一副指挥长，市委宣传部部长、市政府分管副市长任副指挥长，各区、各重点部门单位主要负责人为成员的高规格创建指挥部，各区、街道、社区均成立了一把手任总指挥的创卫指挥部。在芜湖形成了市、区、街道、社区四级组织共同创建的良好工作局面。同时，要求市政府全体负责同志每人每周至少安排一个工作日，走进背街小巷、老旧小区、农贸市场、校园周边、公共场所、江河道路沿线等创卫重点、难点地域，听取群众意见，建立问题清单、任务清单、责任清单和措施清单，解决群众期盼的难点、热点问题。二是广泛宣传、营造氛围。首先坚持传统媒体和新型媒体宣传并重，电视台和报纸开辟专栏，每周一期健康教育与创卫节目，移动、电信定期向用户推送创卫公益短信，微信、微博开展网站宣传；其次，坚持社会宣传和单位宣传并举。市委、市政府在城区主要出入口租用“高炮”设置创卫宣传标语，各区、各部门在各辖区、单位设立宣传牌，全市沿街铺面、单位电子屏、公交车、出租车电子显示屏等滚动播放宣传标语、健康知识，机关、社区、企事业单位都设立了健康教育宣传栏；再次，坚持日常宣传和主题宣传联动。在日常广泛宣传创卫工作、普及卫生知识的同时，以群众需求为导向，在特殊时期和节点，如“艾滋病”、“结核病”日、“控烟日”及法制宣传周等，回应社会关注和公众需求，及时开展主题日宣传活动。三是针对全市存在的薄弱环节，开展了公厕整治提升、菜市场整治提升的二项提升工程和市容环境整治行动，占道经营、交通秩序整治行动，建筑垃圾、餐厨垃圾整治行动，食品药品“一大三小”整治行动，公共场所“四小”整治行动的五大行动。另外，在完善各项规章制度、加强业务培训、强化考核机制方面都做了大量工作。。通过此次考察学习，对我市创卫工作收获很大，我们要以此次学习为契机，进一步在强化组织领导、开展专项整治、完善投诉机制、资料整理等方面进行改进，查漏补缺，全面、合理收集创卫资料，力争2018年完成创卫工作。,4月17—18日，市国土资源局组织全市不动产登记机构负责人和有关人员到芜湖市国土资源局考察学习交流不动产统一登记工作。 考察组首先参观了芜湖市不动产登记办事大厅，现场观摩了芜湖市不动产登记窗口设置、便民服务措施等情况，详细了解芜湖在落实5个工作日办结、优化服务等方面好的经验与做法。观摩结束后，考察组与芜湖市国土局有关领导进行了座谈交流，并观看了芜湖市不动产登记百佳窗口创建宣传片。双方就不动产登记5个工作日办结、数据共享、窗口建设、业务疑难问题解决、档案管理等方面进行了深入广泛交流。 戴宝燕强调，要学习借鉴芜湖先进经验，把好经验好做法落实到工作中，全市各级不动产登记机构要不断提升服务水平和能力，早日全面实现我市不动产登记5个工作日办结的目标。。考察组首先参观了芜湖市不动产登记办事大厅，现场观摩了芜湖市不动产登记窗口设置、便民服务措施等情况，详细了解芜湖在落实5个工作日办结、优化服务等方面好的经验与做法。观摩结束后，考察组与芜湖市国土局有关领导进行了座谈交流，并观看了芜湖市不动产登记百佳窗口创建宣传片。双方就不动产登记5个工作日办结、数据共享、窗口建设、业务疑难问题解决、档案管理等方面进行了深入广泛交流。。戴宝燕强调，要学习借鉴芜湖先进经验，把好经验好做法落实到工作中，全市各级不动产登记机构要不断提升服务水平和能力，早日全面实现我市不动产登记5个工作日办结的目标。,其他,0.5670552276139925,True
104,安徽省,宿州市,倪志品一行赴市高新区和市经开发区考察学习,2018-04-10,http://suma.ahsz.gov.cn/xwzx/xwdt/102272043.html,为进一步贯彻落实史翔书记指示精神，全面学习兄弟单位园中园建设工作宝贵经验，4月10日上午，园区党工委书记、管委会主任倪志品带队赴市高新区和市经开发区考察学习，园区领导姚爱洋、胡大为、张文祥、李磊、黄学传、张永东，党群工作部、经济发展部、投资促进部、财务审计部、规划建设部、监察室等部门主要负责人参加。 首先，在副市长、高新区党工委书记、管委会管委会副主任祖钧公陪同下，倪志品一行先后到高新区云计算基地（贝斯康生物科技公司、蜂鸟云商呼叫中心）、量子数据中心、美为食品产业园、左右家私工业园、动漫游戏产业园（申花智趣童车）、和君纵达呼叫基地等项目现场考察学习，每到一处他都认真听取项目介绍，详细了解项目运作情况，实地取经园中园规划建设和管理运营宝贵经验，深入学习园中园项目招引、培育及政策帮扶等工作作法，将此行的学习收获全部带到园区经济建设上去。 随后，倪志品一行到市经开区考察学习。在座谈交流中，市经开区党工委书记、管委会主任沈志刚详尽介绍了生物医药科技园规划、建设、运营、管理等情况，传送了生物医药科技园工作的谋划、启动、推进等各重点环节的宝贵经验。倪志品在讲话中表示，非常感谢经开区领导的热情接待，此次来到经开区，主要目的是学习经开区“老大哥”在园中园建设中的宝贵经验，经开区经过走访调研和探索实践，生物医药科技园设计不断完善，龙头项目和支撑性项目加快集聚，这些宝贵经验和典型做法都是宿马园区学习的榜样，为下一步宿马园区在产业发展和园中园探索方面提供了很大的帮助。最后，他邀请经开区各位领导常到宿马来沟通交流、传经送宝，进一步强化两个园区的互动联系，共同为宿州市经济发展贡献更大的力量。。首先，在副市长、高新区党工委书记、管委会管委会副主任祖钧公陪同下，倪志品一行先后到高新区云计算基地（贝斯康生物科技公司、蜂鸟云商呼叫中心）、量子数据中心、美为食品产业园、左右家私工业园、动漫游戏产业园（申花智趣童车）、和君纵达呼叫基地等项目现场考察学习，每到一处他都认真听取项目介绍，详细了解项目运作情况，实地取经园中园规划建设和管理运营宝贵经验，深入学习园中园项目招引、培育及政策帮扶等工作作法，将此行的学习收获全部带到园区经济建设上去。。随后，倪志品一行到市经开区考察学习。在座谈交流中，市经开区党工委书记、管委会主任沈志刚详尽介绍了生物医药科技园规划、建设、运营、管理等情况，传送了生物医药科技园工作的谋划、启动、推进等各重点环节的宝贵经验。倪志品在讲话中表示，非常感谢经开区领导的热情接待，此次来到经开区，主要目的是学习经开区“老大哥”在园中园建设中的宝贵经验，经开区经过走访调研和探索实践，生物医药科技园设计不断完善，龙头项目和支撑性项目加快集聚，这些宝贵经验和典型做法都是宿马园区学习的榜样，为下一步宿马园区在产业发展和园中园探索方面提供了很大的帮助。最后，他邀请经开区各位领导常到宿马来沟通交流、传经送宝，进一步强化两个园区的互动联系，共同为宿州市经济发展贡献更大的力量。,为贯彻落实全市创建全国文明城市动员大会精神，学习借鉴结对共建市的经验做法。日前，市民政局调研员吴春芳带领办公室、区划地名科、基层政权和社区建设科、烈士陵园等单位的负责人赴蚌埠市考察学习创建全国文明城市民政部门业务工作。。考察组一行首先来到蚌埠市民政局，听取了在创建全国文明城市工作中流浪乞讨、文明祭祀、道路标牌、数字城管、社区管理、志愿服务、陵园管理、涉军群体上访等民政业务的经验介绍。蚌埠市民政局创建办公室主任详细介绍了创建工作的程序、材料上报的方式方法及实地考察点的准备工作等经验。。考察组一行最后来到蚌山区碧水蓝天社区进行实地考察考察点创建经验。对社区创建氛围的营造、标语口号的张贴、创建活动的开展、基础设施的设置等都进行了现场学习。,政府领导到其他城市考察学习或访问,0.0,True
104,安徽省,宿州市,埇桥区党政代表团赴江苏省睢宁县学习考察电商产业,2017-11-24,https://www.szyq.gov.cn/zx/yqyw/107555220.html,11月23日，市委常委、区委书记王启荣率埇桥区党政代表团到江苏省睢宁县学习考察电商产业。睢宁县委书记贾兴民，县政协主席陈良陪同考察或出席座谈会，区领导吕金波、陈纪强、孙海波、李云英、赵德省参加考察活动。。在睢宁考察期间，王启荣一行先后来到沙集镇电子商务服务中心展厅、米淘摄影、华宇物流有限公司等地，实地参观了睢宁县电子商务产业发展情况，详细了解网商和物流企业的日常生产、经营情况。代表团一行对沙集镇农村电商产业的集聚发展和“无中生有”的“沙集模式”表示赞叹。大家纷纷表示，“沙集模式”以家庭为基本单位，符合农村发展实际，走出了一条网络信息时代农民创业致富的新路。此次考察学习让他们打开了思路，为埇桥探寻农村电子商务发展提供了指导和借鉴。。座谈会上，贾兴民代表睢宁县委、县政府对埇桥区党政代表团来睢考察表示热烈欢迎，并向代表团简要介绍了睢宁经济社会发展情况。贾兴民表示，睢宁和埇桥在经济、文化、社会等多个领域联系紧密，交往密切。近年来，埇桥区经济社会发展保持了良好的发展势头，很多经验和做法值得睢宁学习借鉴。希望在今后的发展过程中，两地加强交流、深化合作，更好推进经济社会发展。。王启荣表示，睢宁县人文底蕴深厚、产业体系完善、城市面貌靓丽、政务环境高效，经济社会呈现出良好的发展势头和巨大的发展潜力，在经济发展思路和城市建设理念等诸多方面值得学习借鉴。特别是睢宁县在大力发展电商产业的同时，还整合资源全力培育配套产业，推动了电子商务产业链健康快速发展，在培育电子商务、现代物流等产业有力度、有速度，深化改革、转型发展成效显著。下一步，埇桥将积极学习借鉴睢宁发展电子商务的先进经验，结合埇桥实际，进一步推进全区电商产业快速发展。同时希望两地以此次考察为新的起点，进一步加强交流，携手开创互利共赢的新局面。（张华夏 李齐）,11月23日，市委常委、区委书记王启荣率埇桥区党政代表团到江苏省睢宁县学习考察电商产业。睢宁县委书记贾兴民，县政协主席陈良陪同考察或出席座谈会，区领导吕金波、陈纪强、孙海波、李云英、赵德省参加考察活动。。在睢宁考察期间，王启荣一行先后来到沙集镇电子商务服务中心展厅、米淘摄影、华宇物流有限公司等地，实地参观了睢宁县电子商务产业发展情况，详细了解网商和物流企业的日常生产、经营情况。代表团一行对沙集镇农村电商产业的集聚发展和。座谈会上，贾兴民代表睢宁县委、县政府对埇桥区党政代表团来睢考察表示热烈欢迎，并向代表团简要介绍了睢宁经济社会发展情况。贾兴民表示，睢宁和埇桥在经济、文化、社会等多个领域联系紧密，交往密切。近年来，埇桥区经济社会发展保持了良好的发展势头，很多经验和做法值得睢宁学习借鉴。希望在今后的发展过程中，两地加强交流、深化合作，更好推进经济社会发展。。王启荣表示，睢宁县人文底蕴深厚、产业体系完善、城市面貌靓丽、政务环境高效，经济社会呈现出良好的发展势头和巨大的发展潜力，在经济发展思路和城市建设理念等诸多方面值得学习借鉴。特别是睢宁县在大力发展电商产业的同时，还整合资源全力培育配套产业，推动了电子商务产业链健康快速发展，在培育电子商务、现代物流等产业有力度、有速度，深化改革、转型发展成效显著。下一步，埇桥将积极学习借鉴睢宁发展电子商务的先进经验，结合埇桥实际，进一步推进全区电商产业快速发展。同时希望两地以此次考察为新的起点，进一步加强交流，携手开创互利共赢的新局面。,政府领导到其他城市考察学习或访问,0.0,True
104,安徽省,宿州市,埇桥区党政代表团赴江苏省睢宁县学习考察电商产业,2024-01-01,http://www.szyq.gov.cn/public/6623437/139900892.html,11月23日，市委常委、区委书记王启荣率埇桥区党政代表团到江苏省睢宁县学习考察电商产业。睢宁县委书记贾兴民，县政协主席陈良陪同考察或出席座谈会，区领导吕金波、陈纪强、孙海波、李云英、赵德省参加考察活动。。在睢宁考察期间，王启荣一行先后来到沙集镇电子商务服务中心展厅、米淘摄影、华宇物流有限公司等地，实地参观了睢宁县电子商务产业发展情况，详细了解网商和物流企业的日常生产、经营情况。代表团一行对沙集镇农村电商产业的集聚发展和。座谈会上，贾兴民代表睢宁县委、县政府对埇桥区党政代表团来睢考察表示热烈欢迎，并向代表团简要介绍了睢宁经济社会发展情况。贾兴民表示，睢宁和埇桥在经济、文化、社会等多个领域联系紧密，交往密切。近年来，埇桥区经济社会发展保持了良好的发展势头，很多经验和做法值得睢宁学习借鉴。希望在今后的发展过程中，两地加强交流、深化合作，更好推进经济社会发展。。王启荣表示，睢宁县人文底蕴深厚、产业体系完善、城市面貌靓丽、政务环境高效，经济社会呈现出良好的发展势头和巨大的发展潜力，在经济发展思路和城市建设理念等诸多方面值得学习借鉴。特别是睢宁县在大力发展电商产业的同时，还整合资源全力培育配套产业，推动了电子商务产业链健康快速发展，在培育电子商务、现代物流等产业有力度、有速度，深化改革、转型发展成效显著。下一步，埇桥将积极学习借鉴睢宁发展电子商务的先进经验，结合埇桥实际，进一步推进全区电商产业快速发展。同时希望两地以此次考察为新的起点，进一步加强交流，携手开创互利共赢的新局面。,11月3日，广西省贵港市供销社党组书记、理事会主任黄品清一行到埇桥区供销社开展考察学习，宿州市供销社主任杨劲松、埇桥区供销社主任秦权等陪同参观。黄品清一行先后到达埇桥区意利达供销社有限公司、桃园镇桃园村综合服务社、淮河农机专业合作社、宿州市皖豆香豆制品有限公司等地，考察学习了各自不同的运作方式和经营模式。每到一处，黄品清都认真听取有关负责人介绍情况，详细了解相关工作开展情况，并与工作人员进行了交流。。考察团一路走、一路看，一边听、一边学，与考察点的负责人进行座谈交流，探宝取经。同时，黄品清一行对埇桥区供销社工作所取得的成绩给予了充分的肯定。黄品清表示，埇桥区供销社在改革发展中不等不靠，主动争取政策和支持，积极谋划抓好项目建设，做大做强社属企业，加强基层组织建设创新，加快现代流通网络建设，他们思想观念新、视界宽、方法活、工作细，发展速度快，项目运作水平高，供销社面貌焕然一新。。实地目睹了埇桥区供销社快速发展势头，切身感受到了改革发展的浓厚氛围，更学到了相关经验和做法，考察团的成员都纷纷表示开拓了视野，启发了思维，受益匪浅。黄品清表示，下一步将对比贵港市社，认真消化吸收考察学到的经验，对照查找自身不足，结合贵港实际，谋划新网工程和项目建设，促进合作组织和金融体系创新发展，加快贵港市供销社综合改革发展步伐，将在今后的工作中加强沟通交流，达到共同学习、相互促进的目的。,政府领导到其他城市考察学习或访问,0.0,True
104,安徽省,宿州市,宿州市副市长李朝晖率队赴铜陵市考察学习创卫工作,2017-11-02,http://wjw.ahsz.gov.cn/gzdt/27953116.html,10月29日，宿州市副市长李朝晖带领市直及埇桥区创卫相关负责人一行7人赴铜陵市实地考察学习创卫工作。铜陵市副市长叶萍、市政府副秘书长赵开荣及市文明办、爱卫办负责人陪同考察。 考察组实地观摩了铜陵市阳光社区、幸福村农贸市场、海螺垃圾焚烧处理厂等重点区域和场所，认真听取了铜陵市创卫工作经验介绍，并就农贸市场升级改造、“五小”行业达标管理、老旧小区和城中村改造、长效机制建立等重点问题进行了深入交流学习。 下一步，宿州市将认真借鉴学习铜陵市创卫工作好的经验做法，结合工作实际，加大经费投入，建立工作机制，强化督查考核，确保创卫总体目标如期实现。（张真理）,为推进教育督导体制机制创新、责任督学队伍建设创新，教育督导方式方法创新，加强责任督学培训，补缺补短，提升水平，结合《灵璧县2018年度中小学校责任督学全员培训工作规划》，10月23日—27日，组织专（兼）职督学和部分中小学校督导工作人员共16人参加湖南省醴陵市举行的责任督学挂牌督导创新工作考察学习活动。。学习考察活动由县教体局总督学马动新带队，学习期间，全体责任督学聆听了株洲市督导市主任刘华、醴陵市教育局副局长张孝强、督导室主任张云关于开展责任督学挂牌督导工作的经验介绍，实地考察了醴陵市东片督学责任区建设情况，听取了东片督学责任区副组长邹中国的经验介绍，翻阅了大量工作过程材料，实地查看了醴陵市浦口中学、姜湾小学，现场观摩责任督学随访督导，分享挂牌督导创新工作经验。。通过考察学习，全体人员认为本次学习收获颇丰，对本次学习及时总结，希望可以多参加考察学习培训，来快速提高自己的工作能力和自身的业务水平。（通讯员：刘鲁洋）,其他,0.5347629575541145,True
104,安徽省,宿州市,王启荣率埇桥区考察团到涡阳县考察学习,2024-01-01,http://www.szyq.gov.cn/public/6623437/139901012.html,6月24日，市委常委、区委书记王启荣率埇桥区考察团到涡阳县考察学习。副区长李云英，各相关部门和城区各街道负责人陪同考察。 考察期间，王启荣一行先后来到涡阳县经济开发区光机电集聚区、碧桂园龙城项目和中国供销涡阳农产品电商物流园，一路走车间、看项目，与地方领导和企业负责人深入交流，认真听取企业发展和生产经营情况介绍，并诚邀企业来埇桥考察和发展。各企业的发展有精品、有看点、有亮点，使考察学习人员很受感染和鼓舞。 涡阳县主动承接长三角、珠三角产业转移，认真谋划机电产业发展，坚持“产城一体化试验区”的发展战略受到考察团的一致赞赏。王启荣表示，在对涡阳的考察学习中，真切感受到了当地县域经济社会发展所取得的成绩，涡阳县在产业发展、园区建设和城镇化建设等方面值得我们学习。各相关部门要结合实际，认真学习借鉴涡阳县先进工作经验和做法，紧盯项目、招商、园区等重点工作，努力打造具有埇桥特色的发展模式，不断促进全区经济社会快速健康发展。同时希望埇桥、涡阳两地今后深化交流合作、互享先进经验，共同推动两地经济社会事业发展进步。(区宣传中心 张华夏)。考察期间，王启荣一行先后来到涡阳县经济开发区光机电集聚区、碧桂园龙城项目和中国供销涡阳农产品电商物流园，一路走车间、看项目，与地方领导和企业负责人深入交流，认真听取企业发展和生产经营情况介绍，并诚邀企业来埇桥考察和发展。各企业的发展有精品、有看点、有亮点，使考察学习人员很受感染和鼓舞。。涡阳县主动承接长三角、珠三角产业转移，认真谋划机电产业发展，坚持“产城一体化试验区”的发展战略受到考察团的一致赞赏。王启荣表示，在对涡阳的考察学习中，真切感受到了当地县域经济社会发展所取得的成绩，涡阳县在产业发展、园区建设和城镇化建设等方面值得我们学习。各相关部门要结合实际，认真学习借鉴涡阳县先进工作经验和做法，紧盯项目、招商、园区等重点工作，努力打造具有埇桥特色的发展模式，不断促进全区经济社会快速健康发展。同时希望埇桥、涡阳两地今后深化交流合作、互享先进经验，共同推动两地经济社会事业发展进步。(区宣传中心 张华夏),"墙里开花处处香 有朋来访情意长—— 蒙城县党政代表团来埇学习考察美丽乡村建设工作_宿州市埇桥区人民政府。7月1日，久违的大雨如约而至，雨中的埇桥更添一分别样的清新娇丽。蒙城县党政代表团在县委副书记怀颖的带领下来到埇桥区学习考察美丽乡村建设工作。区委副书记王思远率区委办、区美丽办等相关负责同志陪同考察。。蒙城县代表团一行先后来到芦岭镇陈堂中心村、永镇乡关湖中心村、桃园镇实地观摩各乡镇美丽乡村、美丽乡镇建设、城乡环境综合整治情况，并详细听取了相关负责同志对具体实施情况和下一步工作计划的介绍。。自美丽乡村建设启动以来，芦岭镇陈堂中心村紧紧围绕“科学规划布局美、生态宜居村庄美、兴业富民生活美、文明和谐乡风美”的总体目标，立足本村实际，在充分征求群众意见的基础上，重点投入基础设施、公共服务配套设施建设及村容村貌环境整治，建立健全新组织、规划建设新村居，实施绿化工程、道路工程、外立面改造、污水处理站及管网工程，为村部带来勃勃生机。。永镇乡关湖中心村是琴仙俞伯牙魂归之处，它的建设不是推倒重建，而是在原本旧村的基础上进行改造，保护性的进行开发，保留着原汁原味的同时融入了徽派建筑小青瓦、木质雕刻窗花的特色,让村民搬进了“公园”里。近年来，关湖中心村依托伯牙历史文化资源和良好的地理环境，打造中国音乐主题文化第一村，重点发展集采摘、垂钓、观光、娱乐、休闲于一体的美丽乡村休闲度假一日游，吸引城乡居民到此休闲度假，从而丰富群众精神文化生活，繁荣地方经济。。桃园镇境内矿产资源丰富、企业众多、文化底蕴深厚。自2016年开展乡镇政府驻地建成区整治以来，以集中突击整治为切入点，以“两整治一加强”为抓手，统筹项目建设与环境整治，动员全民参与、落实责任，实现了强势启动到长效保洁，集中整治到常态管理，脏、乱、差到洁、美、佳的转变。。王思远在陪同考察中向蒙城县代表团介绍了埇桥区近年来美丽乡村建设工作取得的突破和进展。埇桥区认真落实“五大发展”理念，积极抢抓美丽乡村建设机遇，以“创新”为基点，打造美丽乡村“持久美”;以“协调”为抓手，打造美丽乡村“仪态美”;以“绿色”为主调，打造美丽乡村“生态美”;以“开放”为支撑，打造美丽乡村 “业态美”;以“共享”为根本，打造美丽乡村 “生活美”。以“清垃圾、清污泥、清杂物、净化水体、绿化村镇、美化家园”为重点，大力实施“净化、绿化、美化”三大工程，扎实推进美丽乡村建设，连续三年荣获全省美丽乡村建设先进县(区)。。蒙城县代表团成员纷纷为埇桥区美丽乡村建设工作取得的成绩点赞。怀颖表示，埇桥区作为美丽乡村建设的先行者，在农村生态保护、产业转型发展等方面积累了许多值得借鉴和学习的经验，打造了一批有内涵、有特色、有亮点的美丽乡村。代表团将把此次考察学习埇桥区所取得的先进经验和建设理念带回蒙城，助力当地美丽乡村建设。。王思远表示，希望今后埇桥、蒙城两地能够继续密切往来，在各个领域都进一步加强合作交流、共同发展，在迈向全面建成小康社会的伟大进程中携手共进。(陶云婷)",政府领导到其他城市考察学习或访问,0.0,True
104,安徽省,宿州市,埇桥区考察团赴阜阳市颍东区和亳州市利辛县考察学习脱贫攻坚工作,2017-04-24,https://www.ahsz.gov.cn/zwzx/xqyq/12937952.html,4月23日，埇桥区考察团在市委常委、区委书记王启荣的带领下，赴阜阳市颍东区和亳州市利辛县考察学习脱贫攻坚工作。区领导牛慧琴、王宗杰、王思远、吕金波、王德润、邵广真、陈纪强、门强、武静等一同考察。阜阳市政协副主席、颍东区委书记顾恒中和利辛县委常委、常务副县长荀凤飞先后陪同考察。。当天上午，考察团一行实地参观学习了颍东区正午镇吴寨村爱心扶贫大棚和颍东红旗扶贫农场发展种植产业带动贫困户增收致富的做法及经验，并实地查看了吴寨村精准扶贫建档立卡基础资料，详细了解脱贫攻坚基础软件资料分类管理情况。每到一处，考察团成员都带着问题，虚心请教，看一路、学一路，颍东区产业发展活力足、贫困户脱贫积极性高、脱贫攻坚资料详细给考察团留下了深刻的印象。。在利辛县，考察团一行先后参观考察了巩店镇永昌村扶贫工作站、潘楼镇五里村光伏电站和利辛县精准扶贫数据中心。利辛县创新扶贫工作思路，牢牢把握脱贫攻坚工作重点，最大限度的挖掘、运用各方面的资源和力量，以产业促收加快脱贫致富步伐的各种工作举措让考察人员深受启发。。王启荣在考察中指出，脱贫攻坚工作既是一项政治任务，也是一项民生工程。颍东区和利辛县脱贫攻坚工作走在全省前列，积累了许多行之有效、可操作强的好经验、好办法，为兄弟县区更好地开展脱贫攻坚工作树立了学习的榜样。埇桥区将在学习借鉴颍东和利辛两地推进脱贫攻坚工作先进经验的基础上，紧密结合区情实际，进一步理清工作思路，不断健全完善工作推进体系、政策支撑体系和督查考核体系，为做好下步工作奠定基础。。王启荣要求，各乡镇、街道和区直相关部门要认真学习借鉴颍东和利辛两地脱贫攻坚工作的成功经验，深刻审视自身的工作，认真梳理脱贫工作思路，坚持学以致用，拿出切实可行的脱贫方案，进一步坚定打赢脱贫攻坚战的信心和决心，强化做好脱贫攻坚工作的责任感和使命感，以更加有力的举措推进各项工作，确保圆满完成全区脱贫攻坚任务。（张华夏）,为汲取学生营养改善计划实施经验，加快全县学生营养改善工作实施准备进程，4月11日—13日，萧县教体局组织营养办、部分乡镇中心学校等相关部门人员，赴利辛、金寨、舒城等地考察学习学生营养改善工作先进经验。。考察组每到一处都采用听取经验介绍、交流学习、实地考察的方式，详细了解学生营养改善计划工作的经验做法，其中利辛县规范的课间餐供餐流程和运行管理体系，金寨县“4+X”、小伙房供餐模式及大宗物品采购，具有很强的科学性和可操作性。 通过参观学习，考察组成员纷纷表示，将加大学生营养改善计划实施工作力度，真正将学生营养改善计划打造成阳光工程、民心工程，让学生营养改善计划成为惠及千家万户、促进广大青少年健康成长的惠民工程、民生工程。（供稿：张乐永 编辑：张启运）,其他,0.5460038751758481,True
104,安徽省,宿州市,泗县组织参加全市树立和践行新发展理念学习考察活动总结暨月份工作任务调度电视电话会,2016-10-28,https://www.sixian.gov.cn/xwzx/zwyw/83231132.html,泗县组织参加全市树立和践行新发展理念学习考察活动总结暨10月份工作任务调度电视电话会_泗县人民政府。张曙光在会上指出，国庆节假期结束上班后，省委、省政府即迅速组织党政代表团，集中利用三天时间，赴苏浙沪“两省一市”学习考察，并召开了高规格的总结交流大会。这次考察给大家留下深刻印象，苏浙沪“两省一市”创新力度之大、开放氛围之浓、产业质态之优、城市面貌之新，既带来了视觉上的冲击，更带来了心灵上的震撼。为贯彻落实省委省政府学习考察活动和总结交流大会精神，24日和25日，史翔市长带队，组织市党政代表团先后赴徐州、宿迁学习考察，进一步学习先进、查找不足，找准定位、拉升标杆，推动全市上下以更开放的思维、更创新的理念落实五大发展，实现全市经济社会大发展、大提升。。张曙光要求，各级各部门、各级领导干部要认真学习贯彻习近平总书记在纪念长征胜利八十周年大会上的重要讲话精神，切实走好今天的长征路，推动改革发展各项事业始终干在实处、走在前列。要如饥似渴多充电，深入学习党的理论和路线方针政策，深刻把握五大发展新理念之间的内在逻辑和密切关联，做政治上的明白人、发展上的领路人。要点燃激情提效能，牢记组织所托、群众所盼、职责所系，真正把心思集中在想干事上，把胆识体现在敢干事上，把能力展现在会干事上，把目标落实在干成事上。要招招紧逼抓落实。严格落实“任务分解、落实报告、跟踪督查、社会监督”四项制度，一锤接着一锤敲、一环紧着一环拧，以作为指数兑现落实指数、以辛苦指数换取幸福指数，确保各项工作在全省有特色、有位次、有影响。。史翔在会上要求，各地各部门要认真学习借鉴徐州、宿迁两地成功经验。学习他们敢于创新，善于结合，得益于务实的做法。学习他们的理念、方法、精神和作风，结合宿州实际，特别是近年来我们发展经验的积累、实践的积累，推动促进跨越发展。要准确把握我市经济发展形势，既要看到别人的优势，也要看到自己的长处；既不能盲目乐观，也不能妄自菲薄；既不能盲目攀比，也不能坐井观天。。史翔强调，前三季度经济的稳健运行，为全年收官打下了较好的基础。现在要乘势而上，全力冲刺，确保完成年内各项重点任务。要认真抓工作盘点，紧紧围绕“保八争六”，全面对标年初确定目标，找差补缺。要持续抓有效投入，各地各部门要按照“四督四保”要求，对在手项目进行一次全面梳理、推进，对项目建设过程中遇到的问题和困难，要及时研究，协调解决。,泗县组织参加全市树立和践行新发展理念学习考察活动总结暨10月份工作任务调度电视电话会_信息公开_泗县人民政府。张曙光在会上指出，国庆节假期结束上班后，省委、省政府即迅速组织党政代表团，集中利用三天时间，赴苏浙沪“两省一市”学习考察，并召开了高规格的总结交流大会。这次考察给大家留下深刻印象，苏浙沪“两省一市”创新力度之大、开放氛围之浓、产业质态之优、城市面貌之新，既带来了视觉上的冲击，更带来了心灵上的震撼。为贯彻落实省委省政府学习考察活动和总结交流大会精神，24日和25日，史翔市长带队，组织市党政代表团先后赴徐州、宿迁学习考察，进一步学习先进、查找不足，找准定位、拉升标杆，推动全市上下以更开放的思维、更创新的理念落实五大发展，实现全市经济社会大发展、大提升。。张曙光要求，各级各部门、各级领导干部要认真学习贯彻习近平总书记在纪念长征胜利八十周年大会上的重要讲话精神，切实走好今天的长征路，推动改革发展各项事业始终干在实处、走在前列。要如饥似渴多充电，深入学习党的理论和路线方针政策，深刻把握五大发展新理念之间的内在逻辑和密切关联，做政治上的明白人、发展上的领路人。要点燃激情提效能，牢记组织所托、群众所盼、职责所系，真正把心思集中在想干事上，把胆识体现在敢干事上，把能力展现在会干事上，把目标落实在干成事上。要招招紧逼抓落实。严格落实“任务分解、落实报告、跟踪督查、社会监督”四项制度，一锤接着一锤敲、一环紧着一环拧，以作为指数兑现落实指数、以辛苦指数换取幸福指数，确保各项工作在全省有特色、有位次、有影响。。史翔在会上要求，各地各部门要认真学习借鉴徐州、宿迁两地成功经验。学习他们敢于创新，善于结合，得益于务实的做法。学习他们的理念、方法、精神和作风，结合宿州实际，特别是近年来我们发展经验的积累、实践的积累，推动促进跨越发展。要准确把握我市经济发展形势，既要看到别人的优势，也要看到自己的长处；既不能盲目乐观，也不能妄自菲薄；既不能盲目攀比，也不能坐井观天。。史翔强调，前三季度经济的稳健运行，为全年收官打下了较好的基础。现在要乘势而上，全力冲刺，确保完成年内各项重点任务。要认真抓工作盘点，紧紧围绕“保八争六”，全面对标年初确定目标，找差补缺。要持续抓有效投入，各地各部门要按照“四督四保”要求，对在手项目进行一次全面梳理、推进，对项目建设过程中遇到的问题和困难，要及时研究，协调解决。,政府领导到其他城市考察学习或访问,0.6316785405995415,True
104,安徽省,宿州市,泗县组织参加全市树立和践行新发展理念学习考察活动总结暨月份工作任务调度电视电话会,2024-01-01,https://www.sixian.gov.cn/public/content/116986232,泗县组织参加全市树立和践行新发展理念学习考察活动总结暨10月份工作任务调度电视电话会_信息公开_泗县人民政府。张曙光在会上指出，国庆节假期结束上班后，省委、省政府即迅速组织党政代表团，集中利用三天时间，赴苏浙沪“两省一市”学习考察，并召开了高规格的总结交流大会。这次考察给大家留下深刻印象，苏浙沪“两省一市”创新力度之大、开放氛围之浓、产业质态之优、城市面貌之新，既带来了视觉上的冲击，更带来了心灵上的震撼。为贯彻落实省委省政府学习考察活动和总结交流大会精神，24日和25日，史翔市长带队，组织市党政代表团先后赴徐州、宿迁学习考察，进一步学习先进、查找不足，找准定位、拉升标杆，推动全市上下以更开放的思维、更创新的理念落实五大发展，实现全市经济社会大发展、大提升。。张曙光要求，各级各部门、各级领导干部要认真学习贯彻习近平总书记在纪念长征胜利八十周年大会上的重要讲话精神，切实走好今天的长征路，推动改革发展各项事业始终干在实处、走在前列。要如饥似渴多充电，深入学习党的理论和路线方针政策，深刻把握五大发展新理念之间的内在逻辑和密切关联，做政治上的明白人、发展上的领路人。要点燃激情提效能，牢记组织所托、群众所盼、职责所系，真正把心思集中在想干事上，把胆识体现在敢干事上，把能力展现在会干事上，把目标落实在干成事上。要招招紧逼抓落实。严格落实“任务分解、落实报告、跟踪督查、社会监督”四项制度，一锤接着一锤敲、一环紧着一环拧，以作为指数兑现落实指数、以辛苦指数换取幸福指数，确保各项工作在全省有特色、有位次、有影响。。史翔在会上要求，各地各部门要认真学习借鉴徐州、宿迁两地成功经验。学习他们敢于创新，善于结合，得益于务实的做法。学习他们的理念、方法、精神和作风，结合宿州实际，特别是近年来我们发展经验的积累、实践的积累，推动促进跨越发展。要准确把握我市经济发展形势，既要看到别人的优势，也要看到自己的长处；既不能盲目乐观，也不能妄自菲薄；既不能盲目攀比，也不能坐井观天。。史翔强调，前三季度经济的稳健运行，为全年收官打下了较好的基础。现在要乘势而上，全力冲刺，确保完成年内各项重点任务。要认真抓工作盘点，紧紧围绕“保八争六”，全面对标年初确定目标，找差补缺。要持续抓有效投入，各地各部门要按照“四督四保”要求，对在手项目进行一次全面梳理、推进，对项目建设过程中遇到的问题和困难，要及时研究，协调解决。,市发改委一行赴合肥、滁州考察学习重点项目建设及新能源产业发展_宿州市发展和改革委员会。为进一步推动重点项目建设及新能源产业发展， 11月24、25日，市发改委能源办主任张家省、重点项目办公室主任张磊一行5人赴合肥、滁州学习交流新能源项目推进工作经验，并就重点项目考核、谋划等工作进行了深入探讨。。考察组一行先行到达合肥，与合肥市发改委进行交流座谈，合肥市发改委就光伏发电项目建设及管理进行了介绍，并就重点项目管理方面的创新做法做了经验介绍，考察组一行和合肥市发改委进行了交流探讨。。在滁州市发改委，考察组学习了滁州市风电项目建设管理的经验做法，并对重点项目推进工作进行了考察和交流。,政府领导到其他城市考察学习或访问,0.0,True
104,安徽省,宿州市,副市长马杰率教育考察组赴上海市考察学习,2016-10-27,http://jiaotiju.ahsz.gov.cn/xwzx/jtyw/13759241.html,10月19日至21日，市政府副市长马杰率领我市教育考察组赴上海市静安区、崇明区、闵行区，考察学习集团化办学和名校办分校工作。市教体局党组书记、局长左飞，市教体局副局长佟涛，埇桥区政府副区长扶元广和埇桥区教体局、宿城一中、宿州二中、宿城一初中负责同志参加考察学习。。在为期三天的考察中，考察组一行在上海市有关教育部门和学校负责同志的陪同下，先后来到闵行区七宝中学教育集团、静安区闸北实验小学教育集团、静安区市西中学、崇明区新城幼儿园（静安区南西幼儿园分园）、崇明区江帆小学（上海市第一师范附属小学分校）等地进行实地参观考察，并与当地教育部门和学校负责同志进行座谈。。每到一地，考察组成员都认真看、认真听、虚心问、虚心学，并与当地教育部门和学校负责人进行深入细致的交流，以期进一步加强和改进我市教育工作。,10月25日，萧县圣泉乡中心校组织全乡中小学负责人，赴太和县原墙镇考察学习义务教育均衡发展情况与做法，以借鉴经验，推进本乡义务教育的均衡发展。萧县教体局党委纪委书记孙乐业、办公室主任张朔、基教股负责人宋玉富一同前往考察调研。考察团受到了太和县教体局和原墙镇中心校领导的热忱接待。。太和县前段时间顺利通过了义务教育均衡发展省级验收，其扎实出色的工作得到安徽省政府教育督导委员会办公室副主任朱曙培的高度评价。太和县原墙镇义务教育均衡发展工作更是走在全县前列，亮点纷呈。。考察团先后参观了太和县五中（原墙镇中学）、刘楼小学和前张小学教学点三所学校。这三所学校优美的校园环境、各功能室齐全，室内布置精致、教育设施设备及管理制度完备，校园物质文化和精神文化建设处处体现出“让生命在自然状态下健康成长”的教育理念。。在太和县五中会议室，原墙镇中心校长兼五中校长王衡向考察团介绍了迎接义务教育均衡发展省级验收方面的经验做法：一是开展好教师、学生和家长培训工作；二是对各功能室合理规划布局；三是建设独具特色的校园文化；四是建立完整的课堂规划方案；五是实行包保责任制。太和县教体局督导室负责人强调了做好年报工作的重要性，并介绍了在大课间和开齐开足课程方面的成功做法。。萧县教体局党委纪委孙乐业书记对太和县的热情接待表示由衷的感谢，认为太和县义务教育均衡发展工作扎实有效，很多地方值得学习，要求参观考察人员以这次参观学习为契机，结合本校实际，认真做好均衡教育发展推进工作，提早谋划制定实施方案，确保义务教育均衡发展顺利通过省级验收。。圣泉乡中心学校校长李家贤向太和县原墙镇中心学校赠送了教师创作的书画作品以表达谢意，并邀请太和县教育同仁方便时莅临萧县圣泉乡指导教育工作，加强两地教育交流。(特约通讯员 陈昕),其他,0.5249728409311907,True
104,安徽省,宿州市,宿州市党政代表团赴徐州宿迁学习考察,2016-10-27,https://www.ahsz.gov.cn/zwzx/zwyw/12858100.html,10月24日，史翔一行抵达徐州。座谈会上，史翔首先对徐州市长期以来给予宿州的支持帮助表示感谢。他说，此次前来徐州学习考察，在新常态下尚属首次。通过实地考察和现场交流，考察团看到了徐州的新发展、新状态、新潜力，对徐州近年来的成绩感到由衷的钦佩和震惊。作为老工业基地，徐州在新常态下实现了新发展，摸索出了一套系统的治理经验，这些经验和做法值得宿州学习和借鉴。。史翔指出，近年来，宿州市委、市政府始终不渝高举发展大旗，着力推进“整体承接、双轮驱动、三区共进、四化同步”，取得显著成效。“十二五”期间，宿州各项主要经济指标均高于全省平均水平。经济总量快速扩张，经济结构调整步伐加快；三次产业结构不断优化，工业经济快速扩张，农村改革稳步推进，服务业活力逐渐增强；投资、消费、进出口快速增长，发展动力增强；居民收入稳步提高，生活水平不断改善。作为近邻城市，未来两地的合作前景广阔，下一步宿州将继续加强与徐州市的交流合作，认真学习借鉴徐州在改革发展中的好思路好经验好做法，深化两市的合作交流，努力开启两地合作共赢、共同发展的新篇章。。周铁根代表徐州市委、市政府对宿州市党政代表团来徐考察表示欢迎。他说，徐州和宿州作为近邻，长期以来，互相支持、共同发展，结下了深厚的友谊，此次宿州党政代表团来徐，给双方的交流合作提供了新的机遇。宿州近年来的发展成就令人瞩目，有许多方面值得徐州学习和借鉴，希望两地以此次考察为新的起点，进一步加强交流，携手开创互利共赢的新局面。。周铁根表示，作为老工业基地和资源枯竭型城市，近年来，徐州在产业转型、城市转型、生态转型等方面取得了令人瞩目的成绩。当前，徐州围绕打造淮海经济区中心城市，全力推进“一中心一基地一高地”建设。“十三五”期间全市将安排200亿元以上的产业发展基金，重点加大对科技创新产业、先进制造业、现代服务业等财政投入和奖补力度。徐州正着力打造经济发展的各类平台，加大对生态建设的投入力度，努力提升政务服务，营造良好的法治环境和诚信环境，加快人才、资本、技术等生产要素在徐州集聚。。亿元以上的产业发展基金，重点加大对科技创新产业、先进制造业、现代服务业等财政投入和奖补力度。徐州正着力打造经济发展的各类平台，加大对生态建设的投入力度，努力提升政务服务，营造良好的法治环境和诚信环境，加快人才、资本、技术等生产要素在徐州集聚。。考察期间，市党政代表团先后前往位于徐州高新区内的中国安全科技产业园以及云龙湖综合改造工程、中关村信息谷创新中心、江苏协鑫硅材料科技发展有限公司、徐工大吨位起重机生产基地、潘安湖采煤塌陷地复垦生态环境修复工程等地。每到一处，大到整个产业的发展布局规划、小到每一个项目的招商引资，考察团一行都认真听取相关方面的情况介绍。。阵阵秋雨，阻不住考察团的脚步。在徐州结束考察后，考察团一行马不停蹄赶赴宿迁。10月25日，市党政代表团在宿迁展开考察并举行座谈。。座谈会上，史翔首先对宿迁市委、市政府的热情接待和开诚布公传授经验表示诚挚感谢。他说，宿州和宿迁人缘相亲、地缘相近、文化一脉相承，此次既是一次“走亲戚”的感情之行，也是一次考察学习之行。近年来，宿迁经济社会发展取得显著成绩，让人欣喜，令人瞩目，尤其是在新常态下，更实现了新的发展，非常值得宿州学习借鉴。。万平方米的云计算大数据库，最近高新区云计算产业基地被省政府确定第二批战略性新兴产业集聚发展基地。纵向看，近年来宿州发展有显著提高，但决不能松懈，希望以此次考察为契机，进一步密切两地联系，在今后的发展中互相帮助、互相支持，携手实现共赢发展。,泗县畜牧局组织党员干部集中收看全市树立和践行新发展理念学习考察活动总结会暨全市10月份工作任务调度会议电视直播_信息公开_泗县人民政府。在二楼会议室准时收看全市10月份工作任务调度会议电视直播，党员干部参加会议时严格执行会议签到制度，会议期间党员干部认真收看节目，对领导讲话认真分析领会，党员干部表示一定要结合“两学一做”，鼓足干劲，奋发努力，加快泗县畜牧业发展，向更高层次迈进。（特邀主持：高东）,其他,0.6239323244721153,True
104,安徽省,宿州市,埇桥区考察团赴阜阳市颍东区和亳州市利辛县考察学习脱贫攻坚工作,2017-04-24,https://www.szyq.gov.cn/zx/yqyw/107530540.html,埇桥区考察团赴阜阳市颍东区和亳州市利辛县考察学习脱贫攻坚工作_宿州市埇桥区人民政府。4月23日，埇桥区考察团在市委常委、区委书记王启荣的带领下，赴阜阳市颍东区和亳州市利辛县考察学习脱贫攻坚工作。区领导牛慧琴、王宗杰、王思远、吕金波、王德润、邵广真、陈纪强、门强、武静等一同考察。阜阳市政协副主席、颍东区委书记顾恒中和利辛县委常委、常务副县长荀凤飞先后陪同考察。。当天上午，考察团一行实地参观学习了颍东区正午镇吴寨村爱心扶贫大棚和颍东红旗扶贫农场发展种植产业带动贫困户增收致富的做法及经验，并实地查看了吴寨村精准扶贫建档立卡基础资料，详细了解脱贫攻坚基础软件资料分类管理情况。每到一处，考察团成员都带着问题，虚心请教，看一路、学一路，颍东区产业发展活力足、贫困户脱贫积极性高、脱贫攻坚资料详细给考察团留下了深刻的印象。。在利辛县，考察团一行先后参观考察了巩店镇永昌村扶贫工作站、潘楼镇五里村光伏电站和利辛县精准扶贫数据中心。利辛县创新扶贫工作思路，牢牢把握脱贫攻坚工作重点，最大限度的挖掘、运用各方面的资源和力量，以产业促收加快脱贫致富步伐的各种工作举措让考察人员深受启发。。王启荣在考察中指出，脱贫攻坚工作既是一项政治任务，也是一项民生工程。颍东区和利辛县脱贫攻坚工作走在全省前列，积累了许多行之有效、可操作强的好经验、好办法，为兄弟县区更好地开展脱贫攻坚工作树立了学习的榜样。埇桥区将在学习借鉴颍东和利辛两地推进脱贫攻坚工作先进经验的基础上，紧密结合区情实际，进一步理清工作思路，不断健全完善工作推进体系、政策支撑体系和督查考核体系，为做好下步工作奠定基础。。王启荣要求，各乡镇、街道和区直相关部门要认真学习借鉴颍东和利辛两地脱贫攻坚工作的成功经验，深刻审视自身的工作，认真梳理脱贫工作思路，坚持学以致用，拿出切实可行的脱贫方案，进一步坚定打赢脱贫攻坚战的信心和决心，强化做好脱贫攻坚工作的责任感和使命感，以更加有力的举措推进各项工作，确保圆满完成全区脱贫攻坚任务。（张华夏）,月28日，滁州市食药监局党组成员、副调研员何建成一行19人到我市考察学习基层监管所标准化建设工作，市局党组成员、副局长张景军等陪同考察。。考察组一行先后参观了埇桥区局沱河监管所、朱仙庄监管所，现场查看了基层监管所办公用房、执法车辆、执法装备、快检室、综合服务大厅、基层“六统一”以及监管档案、监管制度建设等内容，并结合工作实际与部分基层监管人员进行了交流，就基层监管工作进行了深入地探讨。考察组对埇桥区局办公场所、人员配置、执法装备、快检设施等硬件设施的配备，监管档案的规范完善，管理制度上墙、整齐划一等亮点，给予了充分肯定。,其他,0.610937783905992,True
104,安徽省,宿州市,我县党政代表团赴明光市考察学习,2016-02-24,https://www.sixian.gov.cn/xwzx/ztzl/zsyz/zstj/85592112.html,2月16日—17日，县委书记张志强率我县党政考察团到明光市考察学习。县人大常委会主任刘中平、县政协主席孙茂盛、县委副书姚爱洋等四大班子领导及相关部门负责人、各乡镇（开发区）党政主要负责人参加考察学习。。在明光市委书记许光友、市人大常委会主任汤道义，市委副书记、市政协主席吴军等领导的陪同下，我县党政考察团一行先后考察了明光市女山湖镇光明村美丽乡村建设、广大现代物流城展示中心、城东公园、嘉山公园、良润医疗器械有限公司、明湖公园、市文化中心等。。个乡镇街道，一个省级经济开发区，一个省级服务业集聚区，一个滁州市级化工集中区，人口。万。近年来，该市主动应对经济下行压力，主动适应经济发展新常态，理清发展思路，完善规划体系，改善城乡面貌，加快产业发展，拓展园区平台，强化民生保障，创新工作机制，全面深化改革，苦干实干，破难奋进，经济社会保持健康持续发展。。在参观考察中，张志强高度评价了明光市近年来经济社会发展取得的新成就。张志强指出，此次参观所见所闻，让人非常震撼，明光市在招商引资、园区发展、城乡建设和现代物流、文化中心建设等方面，有很多值得泗县学习和借鉴的地方，在下一步的工作中，我们要切实加强与明光市的沟通交流，学习借鉴他们的好经验好做法。。张志强要求，各乡镇、开发区和县直相关单位，既要看到自身的短板，也要发现自己的优势，要在学习反思中进一步树立加快发展、奋力赶超的信心和决心，要学习周边县市的先进经验，结合自身实际，自我加压，凝心聚力，努力开创我县加快发展、加速崛起的新局面。,借鉴先进经验谋求更大发展我县党政代表团赴天长市、芜湖县、明光市等地考察学习_信息公开_泗县人民政府。在滁州市政协副主席、天长市委书记金维加、市长朱大纲、人大常委会主任夏文蔚、政协主席王献余等四大班子领导陪同下，我县党政考察团先后参观考察了天长市汊涧镇长山村、今麦郎饮品（天长）有限公司、天长市工业学校、天康集团、蓝德集团、金佩集团、市规划展示馆、两河改造工程和红草湖湿地公园，认真学习天长市在。平方公里。近年来，该市始终坚持稳增长、调结构、促改革、惠民生、防风险，全市呈现出工业增势强劲、全民创业氛围浓厚、镇域经济特色突出、外向经济领跑全省、社会事业协调发展的良好态势，连续两年跻身全国科学发展百强县行列，连续。，成效明显，值得我们借鉴和学习；泗县和天长同为全省首批美丽乡村建设整县推进试点县（市），希望两地今后加强沟通与交流，共同推进乡村建设。。在参观今麦郎饮品（天长）有限公司、天康集团、蓝德集团、金佩集团等天长市部分骨干工业企业时，我县党政代表团感受到了天长市在工业经济发展方面取得的显著成绩，不仅招商引资工作做得好，在扶持地方企业发展方面也取得了不俗的成绩，一大批本土企业实现了做大做强、转型升级，为地方经济发展提供了强有力的支撑。。参观规划展示馆，漫步在滨河公园，乘坐观光车行驶在红草湖湿地公园，我县党政代表团一行对天长市近年来的城市建设表示赞叹。张志强表示：通过此次参观考察，切身感受到了天长的乡村建设的美丽，城市规划的精致，经济发展的迅猛，经济社会发展亮点纷呈，诸多好的经验和做法值得泗县学习借鉴，希望代表团成员要认真听、仔细看、用心学，将参观考察的宝贵经验转变为实实在在的发展成效，助推泗县各项工作再上新台阶。。天长市委书记金维加对我县党政代表团一行到来表示了欢迎，并希望两地今后进一步加强交流，实现携手并进、共同发展。。步伐，全力推进新型工业化、新型城镇化、农业现代化和城乡一体化，经济社会发展继续保持良好势头，先后荣获全国文明县城、全国科技进步县、全国文化先进县、全国县域经济竞争力百强县等荣誉称号。在六郎镇老居果品公司，我县党政考察团详细了解该公司果品的种植、销售、效益等情况，听取了公司负责人关于提升现代农业发展水平，促进增产增收的构想，认为芜湖县现代农业发展有思路，有规模、层次高，有效增加了农民的收入，值得我县学习借鉴。。在德力西电气公司、科逸住宅设备公司、荣基密封件公司等地，我县党政考察团成员边走边看，不时停下脚步，察看企业自主研发的产品，了解企业产品研发、国内外市场开拓等方面情况。芜湖县企业始终坚持自主创新、加快转型升级、提升核心竞争力等做法，给代表团成员留下深刻印象。张志强要求要学习借鉴芜湖县的好做法，在招商引资方面坚持招大引强，多引进科技含量高、市场前景好、拉动作用强的大项目，用大项目、好项目拉动全县经济发展。。在明光市委书记许光友、市人大常委会主任汤道义，市委副书记、市政协主席吴军等领导的陪同下，我县党政考察团一行先后考察了明光市女山湖镇光明村美丽乡村建设、广大现代物流城展示中心、城东公园、嘉山公园、良润医疗器械有限公司、明湖公园、市文化中心等。。个乡镇街道，一个省级经济开发区，一个省级服务业集聚区，一个滁州市级化工集中区，人口。万。近年来，该市主动应对经济下行压力，主动适应经济发展新常态，理清发展思路，完善规划体系，改善城乡面貌，加快产业发展，拓展园区平台，强化民生保障，创新工作机制，全面深化改革，苦干实干，破难奋进，经济社会保持健康持续发展。,政府领导到其他城市考察学习或访问,0.8199002715598039,True
104,安徽省,宿州市,借鉴先进经验谋求更大发展我县党政代表团赴天长市芜湖县明光市等地考察学习,2024-01-01,https://www.sixian.gov.cn/public/23745/116987962.html,借鉴先进经验谋求更大发展我县党政代表团赴天长市、芜湖县、明光市等地考察学习_信息公开_泗县人民政府。在滁州市政协副主席、天长市委书记金维加、市长朱大纲、人大常委会主任夏文蔚、政协主席王献余等四大班子领导陪同下，我县党政考察团先后参观考察了天长市汊涧镇长山村、今麦郎饮品（天长）有限公司、天长市工业学校、天康集团、蓝德集团、金佩集团、市规划展示馆、两河改造工程和红草湖湿地公园，认真学习天长市在。平方公里。近年来，该市始终坚持稳增长、调结构、促改革、惠民生、防风险，全市呈现出工业增势强劲、全民创业氛围浓厚、镇域经济特色突出、外向经济领跑全省、社会事业协调发展的良好态势，连续两年跻身全国科学发展百强县行列，连续。，成效明显，值得我们借鉴和学习；泗县和天长同为全省首批美丽乡村建设整县推进试点县（市），希望两地今后加强沟通与交流，共同推进乡村建设。。在参观今麦郎饮品（天长）有限公司、天康集团、蓝德集团、金佩集团等天长市部分骨干工业企业时，我县党政代表团感受到了天长市在工业经济发展方面取得的显著成绩，不仅招商引资工作做得好，在扶持地方企业发展方面也取得了不俗的成绩，一大批本土企业实现了做大做强、转型升级，为地方经济发展提供了强有力的支撑。。参观规划展示馆，漫步在滨河公园，乘坐观光车行驶在红草湖湿地公园，我县党政代表团一行对天长市近年来的城市建设表示赞叹。张志强表示：通过此次参观考察，切身感受到了天长的乡村建设的美丽，城市规划的精致，经济发展的迅猛，经济社会发展亮点纷呈，诸多好的经验和做法值得泗县学习借鉴，希望代表团成员要认真听、仔细看、用心学，将参观考察的宝贵经验转变为实实在在的发展成效，助推泗县各项工作再上新台阶。。天长市委书记金维加对我县党政代表团一行到来表示了欢迎，并希望两地今后进一步加强交流，实现携手并进、共同发展。。步伐，全力推进新型工业化、新型城镇化、农业现代化和城乡一体化，经济社会发展继续保持良好势头，先后荣获全国文明县城、全国科技进步县、全国文化先进县、全国县域经济竞争力百强县等荣誉称号。在六郎镇老居果品公司，我县党政考察团详细了解该公司果品的种植、销售、效益等情况，听取了公司负责人关于提升现代农业发展水平，促进增产增收的构想，认为芜湖县现代农业发展有思路，有规模、层次高，有效增加了农民的收入，值得我县学习借鉴。。在德力西电气公司、科逸住宅设备公司、荣基密封件公司等地，我县党政考察团成员边走边看，不时停下脚步，察看企业自主研发的产品，了解企业产品研发、国内外市场开拓等方面情况。芜湖县企业始终坚持自主创新、加快转型升级、提升核心竞争力等做法，给代表团成员留下深刻印象。张志强要求要学习借鉴芜湖县的好做法，在招商引资方面坚持招大引强，多引进科技含量高、市场前景好、拉动作用强的大项目，用大项目、好项目拉动全县经济发展。。在明光市委书记许光友、市人大常委会主任汤道义，市委副书记、市政协主席吴军等领导的陪同下，我县党政考察团一行先后考察了明光市女山湖镇光明村美丽乡村建设、广大现代物流城展示中心、城东公园、嘉山公园、良润医疗器械有限公司、明湖公园、市文化中心等。。个乡镇街道，一个省级经济开发区，一个省级服务业集聚区，一个滁州市级化工集中区，人口。万。近年来，该市主动应对经济下行压力，主动适应经济发展新常态，理清发展思路，完善规划体系，改善城乡面貌，加快产业发展，拓展园区平台，强化民生保障，创新工作机制，全面深化改革，苦干实干，破难奋进，经济社会保持健康持续发展。,在滁州市政协副主席、天长市委书记金维加、市长朱大纲、人大常委会主任夏文蔚、政协主席王献余等四大班子领导陪同下，我县党政考察团先后参观考察了天长市汊涧镇长山村、今麦郎饮品（天长）有限公司、天长市工业学校、天康集团、蓝德集团、金佩集团、市规划展示馆、两河改造工程和红草湖湿地公园，认真学习天长市在。平方公里。近年来，该市始终坚持稳增长、调结构、促改革、惠民生、防风险，全市呈现出工业增势强劲、全民创业氛围浓厚、镇域经济特色突出、外向经济领跑全省、社会事业协调发展的良好态势，连续两年跻身全国科学发展百强县行列，连续。，成效明显，值得我们借鉴和学习；泗县和天长同为全省首批美丽乡村建设整县推进试点县（市），希望两地今后加强沟通与交流，共同推进乡村建设。。在参观今麦郎饮品（天长）有限公司、天康集团、蓝德集团、金佩集团等天长市部分骨干工业企业时，我县党政代表团感受到了天长市在工业经济发展方面取得的显著成绩，不仅招商引资工作做得好，在扶持地方企业发展方面也取得了不俗的成绩，一大批本土企业实现了做大做强、转型升级，为地方经济发展提供了强有力的支撑。。参观规划展示馆，漫步在滨河公园，乘坐观光车行驶在红草湖湿地公园，我县党政代表团一行对天长市近年来的城市建设表示赞叹。张志强表示：通过此次参观考察，切身感受到了天长的乡村建设的美丽，城市规划的精致，经济发展的迅猛，经济社会发展亮点纷呈，诸多好的经验和做法值得泗县学习借鉴，希望代表团成员要认真听、仔细看、用心学，将参观考察的宝贵经验转变为实实在在的发展成效，助推泗县各项工作再上新台阶。。天长市委书记金维加对我县党政代表团一行到来表示了欢迎，并希望两地今后进一步加强交流，实现携手并进、共同发展。,政府领导到其他城市考察学习或访问,0.0,True
104,安徽省,宿州市,借鉴先进经验谋求更大发展我县党政代表团赴天长市考察学习,2016-02-23,https://www.sixian.gov.cn/xwzx/ztzl/zsyz/zstj/85592092.html,在滁州市政协副主席、天长市委书记金维加、市长朱大纲、人大常委会主任夏文蔚、政协主席王献余等四大班子领导陪同下，我县党政考察团先后参观考察了天长市汊涧镇长山村、今麦郎饮品（天长）有限公司、天长市工业学校、天康集团、蓝德集团、金佩集团、市规划展示馆、两河改造工程和红草湖湿地公园，认真学习天长市在。平方公里。近年来，该市始终坚持稳增长、调结构、促改革、惠民生、防风险，全市呈现出工业增势强劲、全民创业氛围浓厚、镇域经济特色突出、外向经济领跑全省、社会事业协调发展的良好态势，连续两年跻身全国科学发展百强县行列，连续。，成效明显，值得我们借鉴和学习；泗县和天长同为全省首批美丽乡村建设整县推进试点县（市），希望两地今后加强沟通与交流，共同推进乡村建设。。在参观今麦郎饮品（天长）有限公司、天康集团、蓝德集团、金佩集团等天长市部分骨干工业企业时，我县党政代表团感受到了天长市在工业经济发展方面取得的显著成绩，不仅招商引资工作做得好，在扶持地方企业发展方面也取得了不俗的成绩，一大批本土企业实现了做大做强、转型升级，为地方经济发展提供了强有力的支撑。。参观规划展示馆，漫步在滨河公园，乘坐观光车行驶在红草湖湿地公园，我县党政代表团一行对天长市近年来的城市建设表示赞叹。张志强表示：通过此次参观考察，切身感受到了天长的乡村建设的美丽，城市规划的精致，经济发展的迅猛，经济社会发展亮点纷呈，诸多好的经验和做法值得泗县学习借鉴，希望代表团成员要认真听、仔细看、用心学，将参观考察的宝贵经验转变为实实在在的发展成效，助推泗县各项工作再上新台阶。。天长市委书记金维加对我县党政代表团一行到来表示了欢迎，并希望两地今后进一步加强交流，实现携手并进、共同发展。,1月29日，经开区工委委员、管委会副主任程乃跃一行赴蚌埠铜陵现代产业园区考察调研。经济发展局局长李立群等陪同考察。。程乃跃一行参观了中小企业产业园、大北农猪饲料项目、环瑞新材料太阳能背板项目及安徽永牧机械科技公司等，随后与蚌埠铜陵现代产业园区党工委书记、管委会主任汪晖就园区总体情况、发展思路和南北对接、资本运作、优化服务等问题进行了深入交流探讨。。蚌埠铜陵现代产业园位于淮河北岸，规划面积45.6平方公里，由蚌埠、铜陵两市合作共建，2012年4月经安徽省政府批复为省级开发区。（韩文斌）,其他,0.5137318431399277,True
104,安徽省,宿州市,借鉴先进经验谋求更大发展我县党政代表团赴天长市芜湖县明光市等地考察学习,2016-02-18,https://www.sixian.gov.cn/xwzx/zwyw/83217822.html,借鉴先进经验 谋求更大发展 我县党政代表团赴天长市、芜湖县、明光市等地考察学习_泗县人民政府。在滁州市政协副主席、天长市委书记金维加、市长朱大纲、人大常委会主任夏文蔚、政协主席王献余等四大班子领导陪同下，我县党政考察团先后参观考察了天长市汊涧镇长山村、今麦郎饮品（天长）有限公司、天长市工业学校、天康集团、蓝德集团、金佩集团、市规划展示馆、两河改造工程和红草湖湿地公园，认真学习天长市在。平方公里。近年来，该市始终坚持稳增长、调结构、促改革、惠民生、防风险，全市呈现出工业增势强劲、全民创业氛围浓厚、镇域经济特色突出、外向经济领跑全省、社会事业协调发展的良好态势，连续两年跻身全国科学发展百强县行列，连续。，成效明显，值得我们借鉴和学习；泗县和天长同为全省首批美丽乡村建设整县推进试点县（市），希望两地今后加强沟通与交流，共同推进乡村建设。。在参观今麦郎饮品（天长）有限公司、天康集团、蓝德集团、金佩集团等天长市部分骨干工业企业时，我县党政代表团感受到了天长市在工业经济发展方面取得的显著成绩，不仅招商引资工作做得好，在扶持地方企业发展方面也取得了不俗的成绩，一大批本土企业实现了做大做强、转型升级，为地方经济发展提供了强有力的支撑。。参观规划展示馆，漫步在滨河公园，乘坐观光车行驶在红草湖湿地公园，我县党政代表团一行对天长市近年来的城市建设表示赞叹。张志强表示：通过此次参观考察，切身感受到了天长的乡村建设的美丽，城市规划的精致，经济发展的迅猛，经济社会发展亮点纷呈，诸多好的经验和做法值得泗县学习借鉴，希望代表团成员要认真听、仔细看、用心学，将参观考察的宝贵经验转变为实实在在的发展成效，助推泗县各项工作再上新台阶。。天长市委书记金维加对我县党政代表团一行到来表示了欢迎，并希望两地今后进一步加强交流，实现携手并进、共同发展。。步伐，全力推进新型工业化、新型城镇化、农业现代化和城乡一体化，经济社会发展继续保持良好势头，先后荣获全国文明县城、全国科技进步县、全国文化先进县、全国县域经济竞争力百强县等荣誉称号。在六郎镇老居果品公司，我县党政考察团详细了解该公司果品的种植、销售、效益等情况，听取了公司负责人关于提升现代农业发展水平，促进增产增收的构想，认为芜湖县现代农业发展有思路，有规模、层次高，有效增加了农民的收入，值得我县学习借鉴。。在德力西电气公司、科逸住宅设备公司、荣基密封件公司等地，我县党政考察团成员边走边看，不时停下脚步，察看企业自主研发的产品，了解企业产品研发、国内外市场开拓等方面情况。芜湖县企业始终坚持自主创新、加快转型升级、提升核心竞争力等做法，给代表团成员留下深刻印象。张志强要求要学习借鉴芜湖县的好做法，在招商引资方面坚持招大引强，多引进科技含量高、市场前景好、拉动作用强的大项目，用大项目、好项目拉动全县经济发展。。在明光市委书记许光友、市人大常委会主任汤道义，市委副书记、市政协主席吴军等领导的陪同下，我县党政考察团一行先后考察了明光市女山湖镇光明村美丽乡村建设、广大现代物流城展示中心、城东公园、嘉山公园、良润医疗器械有限公司、明湖公园、市文化中心等。。个乡镇街道，一个省级经济开发区，一个省级服务业集聚区，一个滁州市级化工集中区，人口。万。近年来，该市主动应对经济下行压力，主动适应经济发展新常态，理清发展思路，完善规划体系，改善城乡面貌，加快产业发展，拓展园区平台，强化民生保障，创新工作机制，全面深化改革，苦干实干，破难奋进，经济社会保持健康持续发展。,月14-16日，宿州市卫生计生委副主任赵庆民，副调研员、市爱卫办主任李炳刚率市爱卫办、市疾控中心、埇桥区爱卫办等相关负责人赴江苏省淮安市学习考察卫生城市创建工作。受到淮安市爱卫办副主任张德荣等有关负责人的热情接待。。年，淮安市就荣获国家卫生城市，并顺利通过国家两次复审，创卫机制健全，创建成果突出，创建工作名副其实，探索出了一些好的经验和做法。在考察学习中，我们召开了座谈会，我市考察团认真听取了淮安市创建国家卫生城市经验介绍，双方进行了交流座谈。淮安市还对我市考察团成员提出的疑点问题进行了详细解答。座谈结束后，学习了淮安市创建国家卫生城市工作相关资料，实地察看了淮安市城区、城中村、城乡结合部的市容环境及淮海路农贸市场等创建成果。。通过听创卫经验，看创卫成果，使我们开阔了眼界，学习了经验，看清了差距，对创卫工作有了进一步认识，工作思路上受到了很大的启发。大家纷纷表示，一定要把淮安市的好做法、好经验推广适用到宿州创卫工作中，努力打造我们共同的家园，确保创建国家卫生城市早日实现。（张献）,政府领导到其他城市考察学习或访问,0.0,True
104,安徽省,宿州市,埇桥区民生办赴黄山市考察学习民生工程后期管养,2015-08-03,https://www.szyq.gov.cn/msgc/msdt/112895960.html,为进一步提升埇桥区民生工程建后管护水平，拓宽民生工程管护视野，根据史翔市长关于学习黄山市民生工程后期管护经验的批示精神，埇桥区民生办、财政局于7月30日至31日赴黄山市徽州区学习考察民生工程建后管护经验。。区民生办一行先后深入到徽州区福利院、呈坎镇垃圾中转站、呈坎镇容溪村，实地参观学习敬老院、农村清洁工程、农村安全饮水工程的后期管护，认真听取当地民政、城建和容溪村负责人介绍后期管养的经验。徽州区财政局的主要负责人就建后管护的推进机制、资金投入、主要措施等也向学习考察组作了重点介绍。。埇桥区民生办又与徽州区民生办对接，面对面的虚心请教建后管养办法，重点学习农村清洁工程、农村饮水安全和农村公路村村通具体措施。。市长史翔对《安徽信息》“黄山市三措并举强化民生工程建后管养成效明显”一文后作出批示，“民生工程建后管养值得重视，可向黄山市学习借鉴并拿出办法来”，市民生办要求埇桥区民生办可先行先试。。下一步，埇桥区将借鉴黄山市的经验，结合埇桥区实际，进一步加强民生工程建后管养的组织领导，强化管养部署，创新管养模式，着眼长效机制，坚持问题导向，实施分类管养，落实管养资金，加大筹资渠道，提升民生工程建后管养的群众参与度，着力推进民生工程建后管养，使之持久发挥效益。（钱本庭）,李朝晖副市长带领市供销社有关人员赴山东高密汶上等地学习考察_宿州市供销合作社联合社。至27日，市政府副市长李朝晖、市供销社副主任孟丽华，以及部分县区供销社负责人一行5人，前往山东高密市、汶上县等供销社综合改革试点地区学习考察。。考察组一行先后到高密市张家庄为农服务中心、初家为农服务中心、望乡食品有限公司和汶上县农享城购物中心，金水桥社区为农服务中心等现场进行了实地考察，并听取了相关工作情况介绍。。在分别与高密市和汶上县供销社负责同志就综合改革情况座谈时，李市长边听边记，并不时询问具体做法和相关情况。李市长对他们的先进经验给予赞赏，认为两地供销社的做法是一个很好的经验，展示的亮点也很好。要求宿州市供销社把这些好的经验和好的做法带回去，认真学习借鉴，抓紧完善我市供销社综合改革试点实施方案。,政府领导到其他城市考察学习或访问,0.6664100793590159,True
104,安徽省,宿州市,埇桥区民生办赴黄山市徽州区考察学习民生工程后期管养,2024-01-01,http://www.szyq.gov.cn/public/6623421/135431022.html,为进一步提升埇桥区民生工程建后管护水平，拓宽民生工程管护视野，根据史翔市长关于学习黄山市民生工程后期管护经验的批示精神，埇桥区民生办、财政局于7月30日至31日赴黄山市徽州区学习考察民生工程建后管护经验。。区民生办一行先后深入到徽州区福利院、呈坎镇垃圾中转站、呈坎镇容溪村，实地参观学习敬老院、农村清洁工程、农村安全饮水工程的后期管护，认真听取当地民政、城建和容溪村负责人介绍敬老院、农村清洁工程及农村安全饮水后期管养的经验。徽州区财政局的主要负责人就建后管护的推进机制、资金投入、主要措施等也向学习考察组作了重点介绍。。埇桥区民生办又与徽州区民生办对接，面对面的虚心请教建后管养办法，重点学习农村清洁工程、农村饮水安全和农村公路村村通具体措施。。宿州市市长史翔在《安徽信息》每日快报中看到黄山市委上报的《黄山市三措并举强化民生工程建后管养成效明显》一文后作出批示，“民生工程建后管养值得重视，可向黄山市学习借鉴并拿出办法来”，市民生办要求埇桥区民生办可先行先试。。下一步，埇桥区将借鉴黄山市的经验，结合埇桥区实际，进一步加强民生工程建后管养的组织领导，强化管养部署，创新管养模式，着眼长效机制，坚持问题导向，实施分类管养，落实管养资金，加大筹资渠道，提升民生工程建后管养的群众参与度，着力推进民生工程建后管养，使之持久发挥效益。,隋唐大运河申遗的成功，使古运河两侧建设和保护提升了一个新的高度，宿州市规划设计研究院结合工作中的实际项目，组织相关业务人员赴西安考察学习汉唐建筑规划与设计。。西安历史悠久，是中国古代历史上建都朝代最多、时间最长的都城，有着7000多年文明史，是一座“天然历史博物馆”。在西安，秦始皇兵马俑让我们深切感受到古代劳动人员的智慧和创新能力；大雁塔北广场，亚洲最大的音乐广场，体现了现代文明与传统建筑的完美结合；曲江池遗址公园，保护性开发的山水人文景色让人流连忘返；西安明城墙，一幅“秦砖汉瓦藏人家，千家万户享安宁”的景象；夜幕下的大唐芙蓉园，汉唐建筑群与粼粼波光相辉相映，俨然已梦回唐朝。。西安无疑是汉唐建筑风格的典范，通过参观考察，全体设计人员感触较深，在以后的设计工作中，一定遵循“重点保护，适当开发利用”这一原则，结合我市历史人文特点，打造特色建筑、体现文化传承。,其他,0.6204781925247542,True
104,安徽省,宿州市,李朝晖副市长带领市供销社有关人员赴山东高密汶上等地学习考察,2015-06-01,http://coop.ahsz.gov.cn/xwdt/zyxw/15538810.html,李朝晖副市长带领市供销社有关人员赴山东高密汶上等地学习考察_宿州市供销合作社联合社。至27日，市政府副市长李朝晖、市供销社副主任孟丽华，以及部分县区供销社负责人一行5人，前往山东高密市、汶上县等供销社综合改革试点地区学习考察。。考察组一行先后到高密市张家庄为农服务中心、初家为农服务中心、望乡食品有限公司和汶上县农享城购物中心，金水桥社区为农服务中心等现场进行了实地考察，并听取了相关工作情况介绍。。在分别与高密市和汶上县供销社负责同志就综合改革情况座谈时，李市长边听边记，并不时询问具体做法和相关情况。李市长对他们的先进经验给予赞赏，认为两地供销社的做法是一个很好的经验，展示的亮点也很好。要求宿州市供销社把这些好的经验和好的做法带回去，认真学习借鉴，抓紧完善我市供销社综合改革试点实施方案。,近日，局长卓芝珍带领内贸股长李文、外贸股长郭金蕊组成考察学习小组，在6月30日参加了省商务厅与阿里巴巴集团联合在岳西县召开的安徽县域电子商务发展峰会；7月1日与砀山县学习考察小组一起到石台县考察学习了天方集团与易商数码联合筹办的电子商务运营中心。 此次系统的学习考察，使局相关人员更好的学习了电子商务相关知识，提供了良好的发展电子商务的参考借鉴，为明确我县电子商务发展方向，促进我县电子商务经济发展提供了新思路。,其他,0.5122949073287263,True
104,安徽省,宿州市,我市林业考察团赴肥考察学习,2024-01-01,http://lyj.ahsz.gov.cn/public/2655607/190009011.html,4月26日，市政府副市长李朝晖率团赴合肥市考察学习森林长廊工程、林苗两用林发展等林业工作。张金海副秘书长陪同前往。参加考察的有我市四县一区政府、市直各经济园区管委会分管负责同志，市、县区林业局主要负责同志等。合肥市委常委、副市长江洪，市林业和园林局局长梅国胜，以及蜀山区、肥西县党委、政府有关负责同志热情接待并陪同考察。。李朝晖一行先后驱车来到合肥市合淮阜高速公路、新桥机场高速公路、合六叶高速公路森林长廊工程现场，以及肥西官亭林苗基地、蜀山区四季花海森林公园，实地查看栽植树种、造林模式和林木生长等情况，详细了解土地流转机制、运营管护制度、财政补助政策、工程成果维护和责任约束等方面的做法。当地有关负责同志分别作了详细介绍。就新形势下如何贯彻好生态强省决策加快实施森林增长工程，双方进行了沟通交流。。考察途中，李朝晖不时与陪同的我市各县区和林业部门负责同志探讨，一致认为，合肥市高标准建设主干道路森林长廊，依托基础优势发展林苗两用林基地，做强特色林业产业的成功经验和做法，非常值得学习借鉴。针对高速公路森林长廊建设，李朝晖要求考察团一行，要认真分析异同，虚心对标先进，深入研究提升我市“三线三边”绿化特别是主要交通干线两侧森林长廊工程营林水平的具体措施。。合肥市结合现代化滨湖大城市建设需要，于2010年启动合淮阜、合六叶高速公路和合宁高铁森林长廊示范工程，建成总里程159km、宽度50-200m的林带，共造林2.8万亩。该市按照“全国争一流、全省争第一”的目标，设计每侧林带宽度不低于50m，宜宽则宽，要求50m范围以内的林带苗木干径须达5cm以上并保持合理栽植密度，多树种配置，做到层次丰富，立地成景。建设模式实行市场化运作，政府出台用地补助、青苗补偿等优惠政策，招商引资吸引投资主体。在工程质量监管方面，该市规定，苗木规格10%以内达不到要求，或栽植密度和质量10%以内不符合要求，或成活率在85%到90%之间，责令整改后重新验收；苗木规格10%以上达不到要求，或栽植密度和质量10%以上不符合要求，或成活率低于85%的，判定整个工程不合格，不予兑付补助资金。,按照2014年政府工作报告中提出，在宿州循环经济示范园内建设中小企业产业园的要求，为了借鉴其它地区的先进经验和做法，区中小企业发展办公室考察组一行5人，赴河南商丘濉阳区食品产业园进行观摩学习。。考察组观看了食品产业园宣传片，听取了商丘市濉阳区工信局局长的全面介绍，对园区现场进行全方位的参观考察，该食品产业园起步晚，总体规划面积16.36平方公里，是一座集食品加工、食品物流、食品工业技术研发为一体的专业化、现代化产业集聚区，他们采取边建设、边规划、边报批、边发展的思路，园区建设定位高、发展快，目前园区已形成规模。,政府领导到其他城市考察学习或访问,0.0,True
104,安徽省,宿州市,蚌埠市妇联来我市学习考察,2013-11-14,https://www.ahsz.gov.cn/zwzx/bmdt/12865146.html,11月13日，蚌埠市委副秘书长赵佑文带领蚌埠市妇联主席蒋鸿燕、副主席唐冬玲一行7人来我市考察交流妇女之家建设工作。市委常委、副市长赵琳，市人大常委会副主任石文庆，市委副秘书长、市直机关工委书记李淮秋，市妇联主席朱敏以及埇桥区有关领导等陪同考察。。在西关环宇社区妇女之家考察组参观了妇女活动中心、巾帼志愿服务大厅、托老托幼服务室，查阅了社区妇女活动资料，详细了解社区艺术团活动开展情况。。，参观了妇女之家软硬件设施建设情况。在奇石大市场，市女企业家协会副会长包金萍总经理向考察组一行详细介绍了奇石大市场发展历程、现在面临的机遇及未来的发展构想。,3月26日，灵璧县副县长吴晓辉带领考察团来埇桥区考察学习扶贫开发工作。区委常委、副区长吴绪峰以及区扶贫办相关负责人陪同考察。。考察团一行先后来到灰古镇八张村、符离镇沈圩村、西二铺乡沈家、桃源镇光明村等扶贫产业基地。每到一处，考察团都认真听取相关人员的先进经验介绍，详细了解关于扶贫产业、贫困户脱贫、村容村貌建设等方面新思路、新做法。。近年来，埇桥区扶贫开发坚持以农民增收为中心，不断开拓扶贫开发新思路，积极探索扶贫开发新模式。通过实行整村推进扶贫、专项扶贫资金建立产业基地、“雨露计划”培训提升贫困农户增收技能等多项措施深入推进扶贫开发工作，从而使贫困群众居住环境极大改善，生产条件明显提高，扶贫开发工作取得显著成效。2013年全区扶贫开发投入3818万元，其中扶贫资金投入2199万元，整合资金1619万元。实施扶贫项目133个。。通过考察学习，大家对埇桥区近年来在扶贫开发工作中取得的成就给予了充分的肯定。 (供稿/孙福斗 摄影/信息中心),政府领导到其他城市考察学习或访问,0.0,True
104,安徽省,宿州市,我市计生学习考察团赴亳州考察,2013-05-24,https://www.ahsz.gov.cn/zwzx/zwyw/12849536.html,5月23日，市委副书记史翔、副市长李朝晖率我市人口与计生工作学习考察团，前往亳州市利辛县、蒙城县学习考察，亳州市委副书记时侠联及县区、有关部门负责人陪同。。23日上午，考察团一行首先赶至利辛县，先后深入利辛县城关镇向阳社区服务中心、程家集镇计划生育服务所等地，就人口与计划生育工作进行现场参观学习考察，并在该县马店孜镇双沟社区召开座谈会，听取利辛县有关负责人关于人口与计生工作的经验介绍。考察团成员就人口与计生工作中的问题与做法，与亳州市有关方面进行了深入交流和探讨。。史翔指出，亳州市人口与计生工作创造出“村为主”工作机制、利益导向工作机制及社会抚育费法律征收等先进经验，具有很强的借鉴意义。下一步，我市将通过深化人口与计生工作“村为主”工作机制，强化人口与计划生育利益导向机制，完善社会抚育费征收法律化机制，进一步提升人口与计划生育工作水平；要寓服务于工作之中，驻村入户，做好计划生育服务工作，让老百姓切实感受到计生服务就在身边，从而支持拥护人口与计划生育工作，进一步提升计生工作的群众满意度。。23日下午，考察团一行先后考察了蒙城县小辛集乡李大塘村计生服务站、乐土镇双龙村计生服务站，在随后召开的座谈会上，听取蒙城县计生工作经验介绍，并就有关问题进行了深入探讨和交流。李朝晖对亳州市及有关县区为这次学习考察提供的支持和帮助表示感谢，他表示，亳州、宿州两地市情相似，许多方面的工作具有学习和借鉴意义，这次学习考察后，我们要静下心来反思，认真改进完善计划生育工作机制，提升我市人口与计生工作水平。,4月13日至14日，宿州市民政局党组书记、局长黄健带领双拥办和烈士陵园等单位相关同志，赶赴江苏徐州、山东临沂学习考察零散烈士墓搬迁工作。。黄健一行先后到碾庄烈士陵园、华东革命烈士陵园、淮海战役烈士陵园学习考察了零散烈士墓搬迁和陵园管理工作。每到一处，考察团首先瞻仰革命先烈，学习“一不怕苦，二不怕死”的革命精神，听取零散烈士墓搬迁工作经验介绍，考察陵园管理的各项措施。就零散烈士墓搬迁工作，他强调，一要广泛宣传动员，摸清底数，制定详细规划。二要集中调查，登记造册，建立散葬烈士墓基础台帐资料；三要达成协议，将零散烈士墓搬迁工作落实到实处。四要加强陵园管理工作。抓好园林景观管理，抓好卫生管理，抓好爱国主义教学管理，加强安全防范管理。,政府领导到其他城市考察学习或访问,0.0,True
104,安徽省,宿州市,王启荣率团赴马鞍山市考察学习,2013-04-08,http://suma.ahsz.gov.cn/xwzx/xwdt/102266410.html,近日，市委常委、宿马现代产业园区管委会主任王启荣率团赴马鞍山市就城乡一体化、美好乡村建设、行政审批等工作进行考察学习，市委政研室、市政务服务中心及宿马园区相关负责同志陪同考察。马鞍山市委常委、常务副市长魏尧亲切会见考察团一行。。魏尧对我市考察团的到来表示热烈欢迎，并着重介绍了马鞍山市推进城乡一体化的做法。马鞍山市统筹城乡发展实践，主要以统筹推进工业向集中发展区集中、农民向城镇和新型社区集中、土地向适度规模经营集中“三个集中”为重点，坚持在规划布局上促进集中、在招商引资上引导集中、在资源配置上鼓励集中，引导农民向城镇转移，促进新型工业化、信息化、城镇化和农业现代化“四化同步”发展。。王启荣在座谈时表示，此行考察的目的，一是为了学习借鉴马鞍山市加快发展的成功经验，能够为我所用；二是为了进一步加强两市间的深度对接，加深合作交流，希望双方能够取长补短，互利共赢，协力促进两市的快速发展和共同繁荣。。此外，我市考察团还就优化园区行政审批工作、提升行政服务效能等问题，分别与马鞍山市行政服务中心和郑蒲港新区负责同志进行了交流和探讨。考察团成员一致表示，将认真学习先进经验，进一步解放思想、更新观念，把马鞍山市的好经验和好做法学到手、带回去，应用到实际工作中，努力加快宿马现代产业园区“四化同步”建设进程。,近日，副县长高文冬带队，组织县统计局负责人和相关专业科室赴宣城市宣州区、郎溪县等地，对首席统计员制度落实和管理经验进行考察学习。。高文冬一行先后到宣城市宣州区统计局、郎溪县统计局、郎溪县经济开发区等地，听取统计部门关于首席统计员工作开展情况的介绍。宣城市宣州区、郎溪县统计局自全省首席统计员工作开展以来，严格执行首席统计员实施方案要求，在首席统计员相关待遇和工作考核上下工夫，通过提高首席统计员的职务配备，严格考核奖励措施和标准，切实保证首席统计员的工作稳定性和积极性。。副县长高文冬要求随行考察的人员，要借鉴两地首席统计员工作开展的先进经验，认真总结、研究两地在落实首席统计员工作待遇、考核等方面的相关政策，切实完善制定适合泗县首席统计员工作开展的相关制度、措施，把泗县的统计工作推上新台阶。,政府领导到其他城市考察学习或访问,0.0,True
104,安徽省,宿州市,宿马现代产业园区组团赴马鞍山市考察学习,2013-04-10,https://www.ahsz.gov.cn/zwzx/zwyw/12849132.html,近日，市委常委、宿马现代产业园区管委会主任王启荣率团赴马鞍山市，就城乡一体化、美好乡村建设、行政审批等工作进行考察学习，市委政研室、市政务服务中心及宿马园区相关负责同志陪同考察。。马鞍山市委常委、常务副市长魏尧对我市考察团的到来表示热烈欢迎，并着重介绍了马鞍山市推进城乡一体化的做法。马鞍山市统筹城乡发展实践，主要以统筹推进工业向集中发展区集中、农民向城镇和新型社区集中、土地向适度规模经营集中“三个集中”为重点，坚持在规划布局上促进集中、在招商引资上引导集中、在资源配置上鼓励集中，引导农民向城镇转移，促进新型工业化、信息化、城镇化和农业现代化“四化同步”发展。。王启荣在座谈时表示，此行考察的目的，一是为了学习借鉴马鞍山市加快发展的成功经验，能够为我所用。二是为了进一步加强两市间的深度对接，加深合作交流，希望双方能够取长补短，互利共赢，协力促进两市的快速发展和共同繁荣。。此外，我市考察团还就优化园区行政审批工作、提升行政服务效能等问题，分别与马鞍山市行政服务中心和郑蒲港新区负责同志进行了交流和探讨。考察团成员一致表示，将认真学习先进经验，进一步解放思想、更新观念，把马鞍山市的好经验和好做法学到手、带回去，应用到实际工作中，努力加快宿马现代产业园区“四化同步”的建设进程。,近日，灵璧县民政局一行在该局主要负责人的带领下到常熟市救助站参观考察。常熟市民政局相关负责人、社会事务科科长、市救助管理站站长陪同考察。。该市救助管理站长引导考察团实地参观了常熟市救助管理站的各个区域。在救助站会议室，该站长简要介绍和汇报了常熟救助站的建设和救助管理工作情况。灵璧县救助管理负责人谈了参观后的感想。他说，常熟救助站工作很到位，氛围很温馨、舒适，这次参观学习后，感到身上的压力很大，一定要把常熟站的好经验带回去，为下一步灵璧县救助站的建设和管理起到推动作用，要力争把灵璧县救助站打造成全省一流的救助站。。座谈结束时，两站领导均表示今后要加强联系与沟通，互相学习，取长补短，推动救助管理工作迈上新台阶。,其他,0.5375030896883053,True
104,安徽省,宿州市,明光市考察团来埇桥考察学习现代农业示范区建设,2012-05-10,https://www.szyq.gov.cn/zx/yqyw/107341920.html,5月9日，明光市副市长江家海、李梅青带领考察团一行来埇桥区考察学习现代农业方面的先进经验，区委副书记刘博夫陪同考察。。考察团先后参观了东大木业、皇冠家居、皖神面业和西二铺乡蔬菜瓜果基地，听取了埇桥区在发展现代农业方面的经验介绍，并就发展现代农业、加快农业产业结构调整、推广标准化生产管理销售等方面的工作进行了深入交流。考察团一行充分肯定了埇桥区丰富的农业资源，对全区在现代农业发展，特别是农业产业化和农业合作社等方面的做法表示高度赞赏，认为埇桥区作为国家级现代农业示范区之一，在引领现代农业发展方向、加快农业发展方式转型、促进农业产业结构调整等方面成绩显著，特别是在现代农业建设中的发展思路、布局规划和建设管理水平都值得明光市认真学习和借鉴。。考察团希望今后进一步加强两地之间的交流合作，提高明光市现代农业发展水平，实现两地经济共同发展。,2月27日，宿州市林业局党组成员、副局长毛亚辉和总工程师杨文华及林业执法部门相关人员，赴涡阳县林业局考察学习林业执法工作。 考察组听取了涡阳县林业局局长黄文学同志的介绍。他们的主要做法：一是领导重视。为了做好该县的林业执法工作，局主要负责人及时向县委、县政府领导汇报工作，积极争取党委、政府的支持，做到工作有目标、有支撑；局领导亲自参与，协调各方关系，执法中遇到的问题，敢于碰硬、敢于承担责任，给具体工作的同志创造宽松的执法环境。二是成立执法机构。该县林业局成立了林业综合执法大队，下设三个中队，从林业局有关单位抽调执法人员20多人，从事林业执法工作。三是加大宣传。利用多种形式，广泛宣传林业法律法规和有关政策。在宣传中不仅做到向广大群众和林农宣传，更注重向领导干部宣传，在全县上下形成了爱林护林和依法兴林的良好氛围。四是强化林木资源管理。在林木采伐管理上，做到四个不予采伐:造林任务没完成的不批采伐；不交还林抵押金的不批采伐；隔年不恢复造林的不批采伐；未达到采伐树龄的不批采伐。五是做到奖惩兑现。对在林业执法工作中，成绩突出的单位和个人及时表彰奖励，局里每季度召开一次表彰会，根据工作实绩给予奖励。,其他,0.6825159786308769,True
